{"type": "FeatureCollection", "features": [{"type": "Feature", "properties": {"name": "Midland", "geoid": "48329", "statefp": "48"}, "geometry": {"type": "Polygon", "coordinates": [[[-102.287048, 32.086991], [-102.211249, 32.0868], [-101.776085, 32.086925], [-101.775802, 31.651319], [-102.287345, 31.651276], [-102.287048, 32.086991]]]}}, {"type": "Feature", "properties": {"name": "Crane", "geoid": "48103", "statefp": "48"}, "geometry": {"type": "Polygon", "coordinates": [[[-102.767246, 31.651714], [-102.31805, 31.651327], [-102.301212, 31.086212], [-102.388804, 31.087156], [-102.429545, 31.193557], [-102.523063, 31.262698], [-102.600677, 31.267097], [-102.676104, 31.330084], [-102.767365, 31.293803], [-102.767246, 31.651714]]]}}, {"type": "Feature", "properties": {"name": "Concho", "geoid": "48095", "statefp": "48"}, "geometry": {"type": "Polygon", "coordinates": [[[-100.111234, 31.580267], [-99.721698, 31.576759], [-99.62492, 31.467442], [-99.60185, 31.49195], [-99.603223, 31.087296], [-100.115216, 31.087994], [-100.111234, 31.580267]]]}}, {"type": "Feature", "properties": {"name": "Medina", "geoid": "48325", "statefp": "48"}, "geometry": {"type": "Polygon", "coordinates": [[[-99.411817, 29.627514], [-98.983787, 29.62345], [-98.971383, 29.551842], [-98.927161, 29.56225], [-98.806552, 29.690709], [-98.804763, 29.250693], [-98.8049, 29.090434], [-99.41388, 29.091335], [-99.411817, 29.627514]]]}}, {"type": "Feature", "properties": {"name": "Howard", "geoid": "48227", "statefp": "48"}, "geometry": {"type": "Polygon", "coordinates": [[[-101.68874, 32.525222], [-101.174571, 32.524112], [-101.183997, 32.087208], [-101.264216, 32.087136], [-101.695011, 32.087532], [-101.68874, 32.525222]]]}}, {"type": "Feature", "properties": {"name": "Menard", "geoid": "48327", "statefp": "48"}, "geometry": {"type": "Polygon", "coordinates": [[[-100.115216, 31.087994], [-99.603223, 31.087296], [-99.603627, 30.940726], [-99.484755, 30.940605], [-99.483869, 30.710771], [-100.116234, 30.710366], [-100.115216, 31.087994]]]}}, {"type": "Feature", "properties": {"name": "Ochiltree", "geoid": "48357", "statefp": "48"}, "geometry": {"type": "Polygon", "coordinates": [[[-101.085156, 36.499244], [-100.954152157693, 36.4995294966262], [-100.884174, 36.499682], [-100.592614, 36.499469], [-100.546145126097, 36.4995051393038], [-100.546724, 36.056536], [-101.085716, 36.057572], [-101.085156, 36.499244]]]}}, {"type": "Feature", "properties": {"name": "Crosby", "geoid": "48107", "statefp": "48"}, "geometry": {"type": "Polygon", "coordinates": [[[-101.56358, 33.830451], [-101.041158, 33.833625], [-101.038788, 33.397214], [-101.556884, 33.39476], [-101.56358, 33.830451]]]}}, {"type": "Feature", "properties": {"name": "Liberty", "geoid": "48291", "statefp": "48"}, "geometry": {"type": "Polygon", "coordinates": [[[-95.165897, 30.344976], [-94.85252, 30.482907], [-94.849414, 30.493553], [-94.777341, 30.489002], [-94.732732, 30.490066], [-94.596338, 30.112101], [-94.44491, 30.113015], [-94.442235, 29.889538], [-94.98146, 29.884276], [-94.998656, 29.919771], [-94.985911, 29.973012], [-95.030936, 29.993699], [-95.096708, 30.167214], [-95.165897, 30.344976]]]}}, {"type": "Feature", "properties": {"name": "Lipscomb", "geoid": "48295", "statefp": "48"}, "geometry": {"type": "Polygon", "coordinates": [[[-100.546145126097, 36.4995051393038], [-100.311018, 36.499688], [-100.003761993368, 36.4997018487376], [-100.000406, 36.499702], [-100.000399, 36.055677], [-100.540221, 36.056491], [-100.546724, 36.056536], [-100.546145126097, 36.4995051393038]]]}}, {"type": "Feature", "properties": {"name": "Hansford", "geoid": "48195", "statefp": "48"}, "geometry": {"type": "Polygon", "coordinates": [[[-101.623915, 36.499528], [-101.085156, 36.499244], [-101.085716, 36.057572], [-101.085735, 36.055276], [-101.623466, 36.055405], [-101.623915, 36.499528]]]}}, {"type": "Feature", "properties": {"name": "Childress", "geoid": "48075", "statefp": "48"}, "geometry": {"type": "Polygon", "coordinates": [[[-100.415895, 34.747525], [-100.000382194816, 34.7463605525616], [-100.000381, 34.560509], [-99.997629328163, 34.5611366245601], [-99.99772, 34.311829], [-100.417783, 34.313524], [-100.415895, 34.747525]]]}}, {"type": "Feature", "properties": {"name": "Cottle", "geoid": "48101", "statefp": "48"}, "geometry": {"type": "Polygon", "coordinates": [[[-100.51734, 34.314102], [-100.417783, 34.313524], [-99.99772, 34.311829], [-99.997621, 34.224355], [-100.037319, 34.238778], [-100.04848, 33.835974], [-100.518691, 33.83565], [-100.51734, 34.314102]]]}}, {"type": "Feature", "properties": {"name": "Dickens", "geoid": "48125", "statefp": "48"}, "geometry": {"type": "Polygon", "coordinates": [[[-101.041158, 33.833625], [-100.518691, 33.83565], [-100.517449, 33.397866], [-101.038788, 33.397214], [-101.041158, 33.833625]]]}}, {"type": "Feature", "properties": {"name": "Panola", "geoid": "48365", "statefp": "48"}, "geometry": {"type": "Polygon", "coordinates": [[[-94.5805, 32.201363], [-94.530714, 32.271842], [-94.491818, 32.394137], [-94.385839, 32.3672], [-94.350303, 32.326614], [-94.0427882328053, 32.3922831932812], [-94.042739, 32.363559], [-94.0426959391654, 32.1960649748209], [-94.042681, 32.137956], [-94.041833, 31.992402], [-94.029428406596, 31.979686964168], [-94.511431, 31.973984], [-94.599978, 31.973193], [-94.5805, 32.201363]]]}}, {"type": "Feature", "properties": {"name": "Bexar", "geoid": "48029", "statefp": "48"}, "geometry": {"type": "Polygon", "coordinates": [[[-98.806552, 29.690709], [-98.778782, 29.720167], [-98.652552, 29.749865], [-98.646124, 29.745181], [-98.550489, 29.760713], [-98.443469, 29.734453], [-98.443852, 29.71965], [-98.352589, 29.734365], [-98.378068, 29.662613], [-98.313494, 29.602279], [-98.310928, 29.594473], [-98.304121, 29.584736], [-98.122555, 29.47797], [-98.122547, 29.446028], [-98.134171, 29.441751], [-98.407336, 29.114435], [-98.484041, 29.140744], [-98.804763, 29.250693], [-98.806552, 29.690709]]]}}, {"type": "Feature", "properties": {"name": "Gray", "geoid": "48179", "statefp": "48"}, "geometry": {"type": "Polygon", "coordinates": [[[-101.085935, 35.619102], [-100.540158, 35.619296], [-100.538978, 35.183144], [-101.086281, 35.18214], [-101.085935, 35.619102]]]}}, {"type": "Feature", "properties": {"name": "Hall", "geoid": "48191", "statefp": "48"}, "geometry": {"type": "Polygon", "coordinates": [[[-100.944939, 34.748281], [-100.540703, 34.747723], [-100.415895, 34.747525], [-100.417783, 34.313524], [-100.51734, 34.314102], [-100.946132, 34.312759], [-100.944939, 34.748281]]]}}, {"type": "Feature", "properties": {"name": "King", "geoid": "48269", "statefp": "48"}, "geometry": {"type": "Polygon", "coordinates": [[[-100.518691, 33.83565], [-100.04848, 33.835974], [-99.996434, 33.835967], [-99.99098, 33.397404], [-100.517449, 33.397866], [-100.518691, 33.83565]]]}}, {"type": "Feature", "properties": {"name": "McMullen", "geoid": "48311", "statefp": "48"}, "geometry": {"type": "Polygon", "coordinates": [[[-98.800848, 28.647306], [-98.335047, 28.648275], [-98.335031, 28.612658], [-98.334323, 28.0578], [-98.803325, 28.05748], [-98.800848, 28.647306]]]}}, {"type": "Feature", "properties": {"name": "Live Oak", "geoid": "48297", "statefp": "48"}, "geometry": {"type": "Polygon", "coordinates": [[[-98.335031, 28.612658], [-98.098315, 28.786949], [-98.005252, 28.690239], [-98.089764, 28.662979], [-97.808774, 28.183415], [-97.817716, 28.176848], [-97.904081, 28.114228], [-97.883148, 28.0569], [-98.235497, 28.057966], [-98.334323, 28.0578], [-98.335031, 28.612658]]]}}, {"type": "Feature", "properties": {"name": "Schleicher", "geoid": "48413", "statefp": "48"}, "geometry": {"type": "Polygon", "coordinates": [[[-100.962176, 31.08249], [-100.688764, 31.086576], [-100.115216, 31.087994], [-100.116234, 30.710366], [-100.960587, 30.706071], [-100.962176, 31.08249]]]}}, {"type": "Feature", "properties": {"name": "Somervell", "geoid": "48425", "statefp": "48"}, "geometry": {"type": "Polygon", "coordinates": [[[-97.945625, 32.233468], [-97.78276, 32.316493], [-97.61572, 32.318617], [-97.615087, 32.203491], [-97.642178, 32.201296], [-97.864864, 32.087328], [-97.945625, 32.233468]]]}}, {"type": "Feature", "properties": {"name": "Knox", "geoid": "48275", "statefp": "48"}, "geometry": {"type": "Polygon", "coordinates": [[[-99.996434, 33.835967], [-99.835143, 33.8358], [-99.700705, 33.799963], [-99.554906, 33.798556], [-99.474498, 33.733849], [-99.472444, 33.399023], [-99.99098, 33.397404], [-99.996434, 33.835967]]]}}, {"type": "Feature", "properties": {"name": "Gaines", "geoid": "48165", "statefp": "48"}, "geometry": {"type": "Polygon", "coordinates": [[[-103.064889, 32.849359], [-103.063468888475, 32.9591063818305], [-102.595023, 32.958831], [-102.20852, 32.958956], [-102.202703, 32.523271], [-102.211037, 32.523244], [-103.064696, 32.522193], [-103.064761, 32.587983], [-103.064829054562, 32.7269504153502], [-103.064889, 32.849359]]]}}, {"type": "Feature", "properties": {"name": "Blanco", "geoid": "48031", "statefp": "48"}, "geometry": {"type": "Polygon", "coordinates": [[[-98.59167, 30.499875], [-98.411462, 30.502095], [-98.351041, 30.486096], [-98.125556, 30.426186], [-98.172977, 30.356312], [-98.2976, 30.037994], [-98.414018, 29.937557], [-98.587897, 30.138954], [-98.59167, 30.499875]]]}}, {"type": "Feature", "properties": {"name": "Loving", "geoid": "48301", "statefp": "48"}, "geometry": {"type": "Polygon", "coordinates": [[[-103.980213477381, 32.0000328513626], [-103.722881979148, 32.0001655686764], [-103.326501, 32.00037], [-103.327538, 31.65142], [-103.610887, 31.651802], [-103.625726, 31.705032], [-103.797232, 31.770187], [-103.829385, 31.887992], [-103.885584, 31.870373], [-103.980213477381, 32.0000328513626]]]}}, {"type": "Feature", "properties": {"name": "Jones", "geoid": "48253", "statefp": "48"}, "geometry": {"type": "Polygon", "coordinates": [[[-100.144224, 32.959978], [-99.988827, 32.960121], [-99.612001, 32.956962], [-99.612026, 32.514654], [-99.629579, 32.514657], [-99.656569, 32.52064], [-100.146543, 32.522793], [-100.144224, 32.959978]]]}}, {"type": "Feature", "properties": {"name": "Garza", "geoid": "48169", "statefp": "48"}, "geometry": {"type": "Polygon", "coordinates": [[[-101.556884, 33.39476], [-101.038788, 33.397214], [-101.03866, 32.970225], [-101.173378, 32.963597], [-101.557434, 32.961025], [-101.556884, 33.39476]]]}}, {"type": "Feature", "properties": {"name": "Callahan", "geoid": "48059", "statefp": "48"}, "geometry": {"type": "Polygon", "coordinates": [[[-99.6298, 32.436586], [-99.629579, 32.514657], [-99.612026, 32.514654], [-99.397054, 32.51511], [-99.114293, 32.514811], [-99.118665, 32.079585], [-99.195871, 32.079235], [-99.631413, 32.081274], [-99.6298, 32.436586]]]}}, {"type": "Feature", "properties": {"name": "Camp", "geoid": "48063", "statefp": "48"}, "geometry": {"type": "Polygon", "coordinates": [[[-95.152206, 33.01345], [-95.12613, 33.034581], [-94.936129, 33.073833], [-94.819828, 32.982886], [-94.769057, 32.926009], [-94.719942, 32.904502], [-95.15211, 32.902641], [-95.152206, 33.01345]]]}}, {"type": "Feature", "properties": {"name": "Kent", "geoid": "48263", "statefp": "48"}, "geometry": {"type": "Polygon", "coordinates": [[[-101.038788, 33.397214], [-100.517449, 33.397866], [-100.519208, 32.962926], [-100.65587, 32.963469], [-100.990181, 32.965023], [-101.03866, 32.970225], [-101.038788, 33.397214]]]}}, {"type": "Feature", "properties": {"name": "Culberson", "geoid": "48109", "statefp": "48"}, "geometry": {"type": "Polygon", "coordinates": [[[-104.91835699428, 32.0004720730735], [-104.84774, 32.000464602835], [-104.643526, 32.000443], [-104.024521, 32.00001], [-104.102351, 31.105203], [-104.917163, 30.663626], [-104.916487, 30.821034], [-104.91289, 31.62512], [-104.91835699428, 32.0004720730735]]]}}, {"type": "Feature", "properties": {"name": "Dallam", "geoid": "48111", "statefp": "48"}, "geometry": {"type": "Polygon", "coordinates": [[[-103.041924, 36.500439], [-103.002434, 36.500397], [-102.162463, 36.500326], [-102.163015, 36.055249], [-103.040824, 36.055231], [-103.041924, 36.500439]]]}}, {"type": "Feature", "properties": {"name": "Aransas", "geoid": "48007", "statefp": "48"}, "geometry": {"type": "Polygon", "coordinates": [[[-97.144916, 28.102622], [-97.023586, 28.187657], [-97.123799, 28.272459], [-96.790512, 28.319238], [-96.830928, 28.107894], [-96.8520706227301, 28.0598208616046], [-96.886459, 28.030734], [-97.003325, 27.908307], [-97.0436840836865, 27.8365323534718], [-97.095713, 27.957835], [-97.136312, 27.90439], [-97.260818, 28.075759], [-97.144916, 28.102622]]]}}, {"type": "Feature", "properties": {"name": "Wilson", "geoid": "48493", "statefp": "48"}, "geometry": {"type": "Polygon", "coordinates": [[[-98.407336, 29.114435], [-98.134171, 29.441751], [-98.11307, 29.36533], [-98.084684, 29.379594], [-97.840383, 29.376791], [-97.858782, 29.35289], [-97.728443, 29.221748], [-98.190991, 28.882333], [-98.407336, 29.114435]]]}}, {"type": "Feature", "properties": {"name": "Brooks", "geoid": "48047", "statefp": "48"}, "geometry": {"type": "Polygon", "coordinates": [[[-98.523284, 27.26515], [-98.232464, 27.262487], [-98.058078, 27.260981], [-97.986076, 27.260494], [-97.985887, 27.209308], [-97.985494, 26.780917], [-98.32067, 26.783081], [-98.422616, 26.783535], [-98.417883, 27.055285], [-98.466542, 27.054711], [-98.492943, 27.235012], [-98.523284, 27.26515]]]}}, {"type": "Feature", "properties": {"name": "Kimble", "geoid": "48267", "statefp": "48"}, "geometry": {"type": "Polygon", "coordinates": [[[-100.116234, 30.710366], [-99.483869, 30.710771], [-99.484493, 30.499641], [-99.303996, 30.499832], [-99.301718, 30.286653], [-99.754142, 30.290698], [-100.116461, 30.290296], [-100.116234, 30.710366]]]}}, {"type": "Feature", "properties": {"name": "Mitchell", "geoid": "48335", "statefp": "48"}, "geometry": {"type": "Polygon", "coordinates": [[[-101.174571, 32.524112], [-101.174562, 32.527703], [-100.660626, 32.525312], [-100.665353, 32.085407], [-100.821594, 32.08661], [-101.183997, 32.087208], [-101.174571, 32.524112]]]}}, {"type": "Feature", "properties": {"name": "Briscoe", "geoid": "48045", "statefp": "48"}, "geometry": {"type": "Polygon", "coordinates": [[[-101.471562, 34.747462], [-101.090749, 34.748246], [-100.944939, 34.748281], [-100.946132, 34.312759], [-101.041484, 34.312444], [-101.47158, 34.31229], [-101.471562, 34.747462]]]}}, {"type": "Feature", "properties": {"name": "Guadalupe", "geoid": "48187", "statefp": "48"}, "geometry": {"type": "Polygon", "coordinates": [[[-98.310928, 29.594473], [-98.090927, 29.683245], [-97.999271, 29.752444], [-97.943564, 29.806914], [-97.875259, 29.858208], [-97.721852, 29.682088], [-97.647785, 29.662127], [-97.633176, 29.649863], [-97.840383, 29.376791], [-98.084684, 29.379594], [-98.11307, 29.36533], [-98.134171, 29.441751], [-98.122547, 29.446028], [-98.122555, 29.47797], [-98.304121, 29.584736], [-98.310928, 29.594473]]]}}, {"type": "Feature", "properties": {"name": "Sherman", "geoid": "48421", "statefp": "48"}, "geometry": {"type": "Polygon", "coordinates": [[[-102.162463, 36.500326], [-102.032339018963, 36.5000656730101], [-101.826565, 36.499654], [-101.623915, 36.499528], [-101.623466, 36.055405], [-102.163015, 36.055249], [-102.162463, 36.500326]]]}}, {"type": "Feature", "properties": {"name": "Rockwall", "geoid": "48397", "statefp": "48"}, "geometry": {"type": "Polygon", "coordinates": [[[-96.517011, 32.982862], [-96.297227, 32.981752], [-96.297172, 32.897961], [-96.297322, 32.841723], [-96.297376, 32.814185], [-96.51897, 32.813616], [-96.517011, 32.982862]]]}}, {"type": "Feature", "properties": {"name": "Palo Pinto", "geoid": "48363", "statefp": "48"}, "geometry": {"type": "Polygon", "coordinates": [[[-98.575616, 32.954349], [-98.427211, 32.9523], [-98.426553, 33.007913], [-98.056094, 33.003332], [-98.064369, 32.637236], [-98.066836, 32.558822], [-98.068545, 32.511626], [-98.475177, 32.513039], [-98.576256, 32.515163], [-98.575616, 32.954349]]]}}, {"type": "Feature", "properties": {"name": "Martin", "geoid": "48317", "statefp": "48"}, "geometry": {"type": "Polygon", "coordinates": [[[-102.211037, 32.523244], [-102.202703, 32.523271], [-101.68874, 32.525222], [-101.695011, 32.087532], [-101.776085, 32.086925], [-102.211249, 32.0868], [-102.211037, 32.523244]]]}}, {"type": "Feature", "properties": {"name": "Mason", "geoid": "48319", "statefp": "48"}, "geometry": {"type": "Polygon", "coordinates": [[[-99.484755, 30.940605], [-99.092317, 30.941002], [-99.086627, 30.921949], [-98.964612, 30.921368], [-98.964232, 30.498482], [-99.303996, 30.499832], [-99.484493, 30.499641], [-99.483869, 30.710771], [-99.484755, 30.940605]]]}}, {"type": "Feature", "properties": {"name": "Stonewall", "geoid": "48433", "statefp": "48"}, "geometry": {"type": "Polygon", "coordinates": [[[-100.517449, 33.397866], [-99.99098, 33.397404], [-99.988827, 32.960121], [-100.144224, 32.959978], [-100.519208, 32.962926], [-100.517449, 33.397866]]]}}, {"type": "Feature", "properties": {"name": "Gregg", "geoid": "48183", "statefp": "48"}, "geometry": {"type": "Polygon", "coordinates": [[[-94.986935, 32.537246], [-94.820223, 32.590648], [-94.766387, 32.650962], [-94.746136, 32.66754], [-94.70179, 32.652209], [-94.701986, 32.421782], [-94.579219, 32.394916], [-94.591703, 32.365572], [-94.985411, 32.37082], [-94.986935, 32.537246]]]}}, {"type": "Feature", "properties": {"name": "Brazos", "geoid": "48041", "statefp": "48"}, "geometry": {"type": "Polygon", "coordinates": [[[-96.566983, 30.69567], [-96.45763, 30.744474], [-96.338001, 30.920531], [-96.24102, 30.973737], [-96.207477, 30.947081], [-96.16837, 30.822997], [-96.187765, 30.598737], [-96.121806, 30.443426], [-96.079969, 30.43003], [-96.147255, 30.38284], [-96.15463, 30.330288], [-96.178661, 30.394718], [-96.272455, 30.358468], [-96.299173, 30.379152], [-96.272049, 30.416145], [-96.340875, 30.474543], [-96.358817, 30.541753], [-96.510494, 30.627828], [-96.601831, 30.641926], [-96.566983, 30.69567]]]}}, {"type": "Feature", "properties": {"name": "San Jacinto", "geoid": "48407", "statefp": "48"}, "geometry": {"type": "Polygon", "coordinates": [[[-95.338625, 30.737826], [-95.32748, 30.859547], [-95.252385, 30.906719], [-95.20018, 30.824566], [-95.131205, 30.781703], [-95.135384, 30.693816], [-95.054602, 30.680173], [-94.965729, 30.576586], [-94.829984, 30.541112], [-94.849414, 30.493553], [-94.85252, 30.482907], [-95.165897, 30.344976], [-95.226571, 30.327145], [-95.203324, 30.347861], [-95.308395, 30.40575], [-95.359156, 30.504369], [-95.338625, 30.737826]]]}}, {"type": "Feature", "properties": {"name": "Jim Hogg", "geoid": "48247", "statefp": "48"}, "geometry": {"type": "Polygon", "coordinates": [[[-98.954669, 27.269397], [-98.798087, 27.268012], [-98.798323, 27.354029], [-98.589537, 27.358695], [-98.522293, 27.343284], [-98.523284, 27.26515], [-98.492943, 27.235012], [-98.466542, 27.054711], [-98.417883, 27.055285], [-98.422616, 26.783535], [-98.95423, 26.785694], [-98.954669, 27.269397]]]}}, {"type": "Feature", "properties": {"name": "Taylor", "geoid": "48441", "statefp": "48"}, "geometry": {"type": "Polygon", "coordinates": [[[-100.146543, 32.522793], [-99.656569, 32.52064], [-99.629579, 32.514657], [-99.6298, 32.436586], [-99.631413, 32.081274], [-99.713971, 32.082089], [-100.151911, 32.082638], [-100.146543, 32.522793]]]}}, {"type": "Feature", "properties": {"name": "Armstrong", "geoid": "48011", "statefp": "48"}, "geometry": {"type": "Polygon", "coordinates": [[[-101.622941, 35.183117], [-101.086281, 35.18214], [-101.090749, 34.748246], [-101.471562, 34.747462], [-101.629257, 34.747649], [-101.622941, 35.183117]]]}}, {"type": "Feature", "properties": {"name": "Hockley", "geoid": "48219", "statefp": "48"}, "geometry": {"type": "Polygon", "coordinates": [[[-102.615447, 33.825121], [-102.085733, 33.824675], [-102.075929, 33.389586], [-102.594836, 33.388489], [-102.615447, 33.825121]]]}}, {"type": "Feature", "properties": {"name": "Sutton", "geoid": "48435", "statefp": "48"}, "geometry": {"type": "Polygon", "coordinates": [[[-100.960587, 30.706071], [-100.116234, 30.710366], [-100.116461, 30.290296], [-100.700393, 30.288276], [-100.960643, 30.287776], [-100.960587, 30.706071]]]}}, {"type": "Feature", "properties": {"name": "Kendall", "geoid": "48259", "statefp": "48"}, "geometry": {"type": "Polygon", "coordinates": [[[-98.920147, 30.13829], [-98.587897, 30.138954], [-98.414018, 29.937557], [-98.646124, 29.745181], [-98.652552, 29.749865], [-98.778782, 29.720167], [-98.917725, 29.781398], [-98.920147, 30.13829]]]}}, {"type": "Feature", "properties": {"name": "Reagan", "geoid": "48383", "statefp": "48"}, "geometry": {"type": "Polygon", "coordinates": [[[-101.775802, 31.651319], [-101.267122, 31.650854], [-101.26763, 31.556462], [-101.267947, 31.528688], [-101.274799, 31.079379], [-101.776191, 31.079784], [-101.775802, 31.651319]]]}}, {"type": "Feature", "properties": {"name": "Rusk", "geoid": "48401", "statefp": "48"}, "geometry": {"type": "Polygon", "coordinates": [[[-94.985411, 32.37082], [-94.591703, 32.365572], [-94.579219, 32.394916], [-94.554971, 32.407603], [-94.491818, 32.394137], [-94.530714, 32.271842], [-94.5805, 32.201363], [-94.599978, 31.973193], [-94.511431, 31.973984], [-94.510837, 31.923201], [-94.452513, 31.844113], [-94.937532, 31.845555], [-94.985037, 31.846193], [-94.985272, 32.137989], [-94.985411, 32.37082]]]}}, {"type": "Feature", "properties": {"name": "Carson", "geoid": "48065", "statefp": "48"}, "geometry": {"type": "Polygon", "coordinates": [[[-101.6228, 35.620196], [-101.622831, 35.624057], [-101.086068, 35.625267], [-101.085935, 35.619102], [-101.086281, 35.18214], [-101.622941, 35.183117], [-101.6228, 35.620196]]]}}, {"type": "Feature", "properties": {"name": "Yoakum", "geoid": "48501", "statefp": "48"}, "geometry": {"type": "Polygon", "coordinates": [[[-103.060103, 33.219225], [-103.056495064338, 33.3884142146206], [-102.594836, 33.388489], [-102.595023, 32.958831], [-103.063468888475, 32.9591063818305], [-103.060103, 33.219225]]]}}, {"type": "Feature", "properties": {"name": "Edwards", "geoid": "48137", "statefp": "48"}, "geometry": {"type": "Polygon", "coordinates": [[[-100.700393, 30.288276], [-100.116461, 30.290296], [-99.754142, 30.290698], [-99.757621, 30.074132], [-99.967626, 30.082356], [-100.013291, 29.794339], [-100.014188, 29.623495], [-100.112098, 29.623263], [-100.699932, 29.623897], [-100.700393, 30.288276]]]}}, {"type": "Feature", "properties": {"name": "Motley", "geoid": "48345", "statefp": "48"}, "geometry": {"type": "Polygon", "coordinates": [[[-101.041484, 34.312444], [-100.946132, 34.312759], [-100.51734, 34.314102], [-100.518691, 33.83565], [-101.041158, 33.833625], [-101.041484, 34.312444]]]}}, {"type": "Feature", "properties": {"name": "Falls", "geoid": "48145", "statefp": "48"}, "geometry": {"type": "Polygon", "coordinates": [[[-97.278113, 31.279799], [-96.801123, 31.522269], [-96.596862, 31.2209], [-96.830497, 31.10522], [-96.849079, 31.100471], [-97.070057, 30.986031], [-97.278113, 31.279799]]]}}, {"type": "Feature", "properties": {"name": "Montague", "geoid": "48337", "statefp": "48"}, "geometry": {"type": "Polygon", "coordinates": [[[-97.978919, 33.467129], [-97.977869, 33.888738], [-97.9519059508552, 33.8912258148573], [-97.951215, 33.878424], [-97.865765, 33.849393], [-97.803473, 33.88019], [-97.759834, 33.92521], [-97.671772, 33.99137], [-97.609091, 33.968093], [-97.596155, 33.922106], [-97.5612431502211, 33.899061506733], [-97.55827, 33.897099], [-97.486505, 33.916994], [-97.4841434385876, 33.9138891088909], [-97.487065, 33.433681], [-97.918189, 33.433873], [-97.978967, 33.433748], [-97.978919, 33.467129]]]}}, {"type": "Feature", "properties": {"name": "Foard", "geoid": "48155", "statefp": "48"}, "geometry": {"type": "Polygon", "coordinates": [[[-100.037319, 34.238778], [-99.997621, 34.224355], [-99.772043, 34.093286], [-99.65301, 34.098971], [-99.5485, 34.055774], [-99.475294, 34.085618], [-99.47565, 33.834005], [-99.474498, 33.733849], [-99.554906, 33.798556], [-99.700705, 33.799963], [-99.835143, 33.8358], [-99.996434, 33.835967], [-100.04848, 33.835974], [-100.037319, 34.238778]]]}}, {"type": "Feature", "properties": {"name": "Galveston", "geoid": "48167", "statefp": "48"}, "geometry": {"type": "Polygon", "coordinates": [[[-95.216349, 29.555766], [-95.16161, 29.497297], [-95.068329, 29.557485], [-95.018205, 29.554597], [-94.909845, 29.496441], [-94.791611, 29.550416], [-94.762569, 29.524162], [-94.545908, 29.572503], [-94.422868, 29.566256], [-94.370816, 29.555645988295], [-94.500807, 29.505367], [-94.594853, 29.467903], [-94.670389, 29.43078], [-94.731047, 29.369141], [-94.72253, 29.331446], [-94.803695, 29.279237], [-95.026219, 29.148064], [-95.1150505055983, 29.0755520224787], [-95.056139, 29.199279], [-95.19219, 29.404367], [-95.233081, 29.465566], [-95.216349, 29.555766]]]}}, {"type": "Feature", "properties": {"name": "Matagorda", "geoid": "48321", "statefp": "48"}, "geometry": {"type": "Polygon", "coordinates": [[[-96.3785331592868, 28.3898650304879], [-96.322731, 28.642944], [-96.323522, 28.675597], [-96.309178, 28.963291], [-95.965196, 29.146865], [-95.874028, 29.229702], [-95.84631, 29.107799], [-95.770446, 29.06621], [-95.769393, 28.971109], [-95.67955, 28.965734], [-95.567708, 28.829758], [-95.507037396917, 28.8247355121921], [-95.588801, 28.783169], [-95.684089, 28.734041], [-95.812504, 28.664942], [-96.000682, 28.588238], [-96.194412, 28.502224], [-96.328817, 28.423659], [-96.3785331592868, 28.3898650304879]]]}}, {"type": "Feature", "properties": {"name": "Goliad", "geoid": "48175", "statefp": "48"}, "geometry": {"type": "Polygon", "coordinates": [[[-97.77853, 28.668027], [-97.574639, 28.8133], [-97.41734, 28.925228], [-97.305916, 28.864037], [-97.202759, 28.853849], [-97.158933, 28.776156], [-97.182359, 28.610602], [-97.160751, 28.553475], [-97.375579, 28.388684], [-97.551369, 28.450441], [-97.558496, 28.514054], [-97.696945, 28.541856], [-97.77853, 28.668027]]]}}, {"type": "Feature", "properties": {"name": "Refugio", "geoid": "48391", "statefp": "48"}, "geometry": {"type": "Polygon", "coordinates": [[[-97.541071, 28.164669], [-97.375579, 28.388684], [-97.160751, 28.553475], [-97.048529, 28.549976], [-96.915284, 28.485797], [-96.890951, 28.507178], [-96.813494, 28.430261], [-96.764325, 28.426242], [-96.790512, 28.319238], [-97.123799, 28.272459], [-97.023586, 28.187657], [-97.144916, 28.102622], [-97.260818, 28.075759], [-97.317163, 28.137189], [-97.427171, 28.117668], [-97.482384, 28.168616], [-97.541071, 28.164669]]]}}, {"type": "Feature", "properties": {"name": "Potter", "geoid": "48375", "statefp": "48"}, "geometry": {"type": "Polygon", "coordinates": [[[-102.162752, 35.620035], [-101.6228, 35.620196], [-101.622941, 35.183117], [-102.167471, 35.183233], [-102.162752, 35.620035]]]}}, {"type": "Feature", "properties": {"name": "Dallas", "geoid": "48113", "statefp": "48"}, "geometry": {"type": "Polygon", "coordinates": [[[-97.036295, 32.693227], [-97.035996, 32.711097], [-97.035522, 32.739451], [-97.035171, 32.759693], [-97.034934, 32.779929], [-97.034233, 32.816662], [-97.033862, 32.836508], [-97.031007, 32.989691], [-96.939882, 32.988822], [-96.909997, 32.988346], [-96.844122, 32.987435], [-96.756464, 32.986298], [-96.640872, 32.984699], [-96.613367, 32.984309], [-96.517011, 32.982862], [-96.51897, 32.813616], [-96.522914, 32.564528], [-96.529412, 32.545277], [-96.529678, 32.54528], [-97.038685, 32.548666], [-97.036295, 32.693227]]]}}, {"type": "Feature", "properties": {"name": "Upton", "geoid": "48461", "statefp": "48"}, "geometry": {"type": "Polygon", "coordinates": [[[-102.31805, 31.651327], [-102.287345, 31.651276], [-101.775802, 31.651319], [-101.776191, 31.079784], [-102.301212, 31.086212], [-102.31805, 31.651327]]]}}, {"type": "Feature", "properties": {"name": "Franklin", "geoid": "48159", "statefp": "48"}, "geometry": {"type": "Polygon", "coordinates": [[[-95.308593, 33.37719], [-95.30664, 33.378027], [-95.156004, 33.380077], [-95.125451, 33.389454], [-95.12613, 33.034581], [-95.152206, 33.01345], [-95.172956, 32.96194], [-95.308957, 32.962572], [-95.308593, 33.37719]]]}}, {"type": "Feature", "properties": {"name": "Hardeman", "geoid": "48197", "statefp": "48"}, "geometry": {"type": "Polygon", "coordinates": [[[-99.997629328163, 34.5611366245601], [-99.929334, 34.576714], [-99.8420638841464, 34.5069327688814], [-99.818186, 34.48784], [-99.764882, 34.435266], [-99.696462, 34.381036], [-99.600026, 34.374688], [-99.58448, 34.407673], [-99.4750221370384, 34.3968709897905], [-99.475294, 34.085618], [-99.5485, 34.055774], [-99.65301, 34.098971], [-99.772043, 34.093286], [-99.997621, 34.224355], [-99.99772, 34.311829], [-99.997629328163, 34.5611366245601]]]}}, {"type": "Feature", "properties": {"name": "Hutchinson", "geoid": "48233", "statefp": "48"}, "geometry": {"type": "Polygon", "coordinates": [[[-101.623466, 36.055405], [-101.085735, 36.055276], [-101.086068, 35.625267], [-101.622831, 35.624057], [-101.623466, 36.055405]]]}}, {"type": "Feature", "properties": {"name": "DeWitt", "geoid": "48123", "statefp": "48"}, "geometry": {"type": "Polygon", "coordinates": [[[-97.613132, 29.109765], [-97.240108, 29.384488], [-96.976378, 29.104046], [-97.305916, 28.864037], [-97.41734, 28.925228], [-97.574639, 28.8133], [-97.75511, 29.007113], [-97.613132, 29.109765]]]}}, {"type": "Feature", "properties": {"name": "Sabine", "geoid": "48403", "statefp": "48"}, "geometry": {"type": "Polygon", "coordinates": [[[-94.044154, 31.409979], [-93.983239, 31.466114], [-93.984461, 31.569419], [-93.896537, 31.611836], [-93.834924, 31.586211], [-93.787687, 31.527344], [-93.725925, 31.504092], [-93.749476, 31.46869], [-93.697603, 31.428409], [-93.668146, 31.375103], [-93.67544, 31.30104], [-93.613942, 31.259375], [-93.602443, 31.182541], [-93.6006030873629, 31.1826249552688], [-93.616168, 31.175252], [-93.911126, 31.158071], [-94.039034, 31.134271], [-94.044154, 31.409979]]]}}, {"type": "Feature", "properties": {"name": "Frio", "geoid": "48163", "statefp": "48"}, "geometry": {"type": "Polygon", "coordinates": [[[-99.41388, 29.091335], [-98.8049, 29.090434], [-98.800841, 28.647487], [-99.395736, 28.640784], [-99.409021, 28.640566], [-99.41388, 29.091335]]]}}, {"type": "Feature", "properties": {"name": "Titus", "geoid": "48449", "statefp": "48"}, "geometry": {"type": "Polygon", "coordinates": [[[-95.125451, 33.389454], [-94.81271, 33.375577], [-94.808783, 33.363636], [-94.819828, 32.982886], [-94.936129, 33.073833], [-95.12613, 33.034581], [-95.125451, 33.389454]]]}}, {"type": "Feature", "properties": {"name": "Leon", "geoid": "48289", "statefp": "48"}, "geometry": {"type": "Polygon", "coordinates": [[[-96.319165, 31.357129], [-96.322853, 31.374067], [-96.236629, 31.413392], [-95.7873, 31.618385], [-95.735681, 31.653822], [-95.710112, 31.615587], [-95.739279, 31.504056], [-95.655545, 31.32964], [-95.725226, 31.271084], [-95.728703, 31.164064], [-95.76441, 31.094211], [-95.975218, 31.091967], [-96.24102, 30.973737], [-96.331121, 31.252465], [-96.319165, 31.357129]]]}}, {"type": "Feature", "properties": {"name": "Madison", "geoid": "48313", "statefp": "48"}, "geometry": {"type": "Polygon", "coordinates": [[[-96.24102, 30.973737], [-95.975218, 31.091967], [-95.76441, 31.094211], [-95.656487, 31.079339], [-95.681158, 30.986958], [-95.617872, 30.930418], [-95.616233, 30.910196], [-95.716508, 30.911405], [-95.863059, 30.864125], [-96.16837, 30.822997], [-96.207477, 30.947081], [-96.24102, 30.973737]]]}}, {"type": "Feature", "properties": {"name": "Anderson", "geoid": "48001", "statefp": "48"}, "geometry": {"type": "Polygon", "coordinates": [[[-96.052786, 32.005895], [-95.428512, 32.084475], [-95.453519, 31.959876], [-95.422735, 31.924823], [-95.446825, 31.843495], [-95.413499, 31.835515], [-95.394378, 31.763302], [-95.341573, 31.735289], [-95.258844, 31.610532], [-95.273203, 31.592886], [-95.651764, 31.541791], [-95.739279, 31.504056], [-95.710112, 31.615587], [-95.735681, 31.653822], [-95.7873, 31.618385], [-95.789679, 31.648776], [-95.779743, 31.683938], [-95.861262, 31.687451], [-95.875937, 31.755503], [-95.980568, 31.784561], [-96.022491, 31.957549], [-96.062172, 31.95634], [-96.052786, 32.005895]]]}}, {"type": "Feature", "properties": {"name": "Gillespie", "geoid": "48171", "statefp": "48"}, "geometry": {"type": "Polygon", "coordinates": [[[-99.303996, 30.499832], [-98.964232, 30.498482], [-98.59167, 30.499875], [-98.587897, 30.138954], [-98.920147, 30.13829], [-99.300988, 30.134298], [-99.301718, 30.286653], [-99.303996, 30.499832]]]}}, {"type": "Feature", "properties": {"name": "Lavaca", "geoid": "48285", "statefp": "48"}, "geometry": {"type": "Polygon", "coordinates": [[[-97.204087, 29.580613], [-97.142643, 29.628101], [-96.874222, 29.632706], [-96.793132, 29.577378], [-96.560555, 29.335439], [-96.658466, 29.263876], [-96.938587, 29.063244], [-96.976378, 29.104046], [-97.240108, 29.384488], [-97.204087, 29.580613]]]}}, {"type": "Feature", "properties": {"name": "Tom Green", "geoid": "48451", "statefp": "48"}, "geometry": {"type": "Polygon", "coordinates": [[[-101.26763, 31.556462], [-100.865256, 31.562294], [-100.861099, 31.705418], [-100.82537, 31.696155], [-100.235761, 31.69297], [-100.233783, 31.582196], [-100.111234, 31.580267], [-100.115216, 31.087994], [-100.688764, 31.086576], [-100.693065, 31.523954], [-101.267947, 31.528688], [-101.26763, 31.556462]]]}}, {"type": "Feature", "properties": {"name": "Victoria", "geoid": "48469", "statefp": "48"}, "geometry": {"type": "Polygon", "coordinates": [[[-97.305916, 28.864037], [-96.976378, 29.104046], [-96.938587, 29.063244], [-96.832103, 29.021299], [-96.792133, 28.918803], [-96.711514, 28.851411], [-96.643442, 28.712105], [-96.659864, 28.701671], [-96.665707, 28.705705], [-96.722814, 28.669759], [-96.853757, 28.635199], [-96.930367, 28.586728], [-96.890951, 28.507178], [-96.915284, 28.485797], [-97.048529, 28.549976], [-97.160751, 28.553475], [-97.182359, 28.610602], [-97.158933, 28.776156], [-97.202759, 28.853849], [-97.305916, 28.864037]]]}}, {"type": "Feature", "properties": {"name": "Fort Bend", "geoid": "48157", "statefp": "48"}, "geometry": {"type": "Polygon", "coordinates": [[[-96.088912, 29.601658], [-96.024825, 29.602899], [-96.032711, 29.727944], [-95.97094, 29.728554], [-95.825975, 29.788616], [-95.730396, 29.734296], [-95.688349, 29.710862], [-95.687082, 29.710078], [-95.623178, 29.674298], [-95.597057, 29.660601], [-95.571363, 29.648725], [-95.424286, 29.580312], [-95.4463, 29.499637], [-95.462602, 29.439238], [-95.550622, 29.438306], [-95.547577, 29.395197], [-95.590793, 29.327485], [-95.626058, 29.293091], [-95.752866, 29.324503], [-95.847656, 29.26259], [-95.94681, 29.333433], [-95.97343, 29.411445], [-96.059627, 29.473329], [-96.044596, 29.562238], [-96.088912, 29.601658]]]}}, {"type": "Feature", "properties": {"name": "Hartley", "geoid": "48205", "statefp": "48"}, "geometry": {"type": "Polygon", "coordinates": [[[-103.041356721818, 35.7394335063487], [-103.040824, 36.055231], [-102.163015, 36.055249], [-102.162809, 35.627515], [-103.041554, 35.622487], [-103.041356721818, 35.7394335063487]]]}}, {"type": "Feature", "properties": {"name": "Coryell", "geoid": "48099", "statefp": "48"}, "geometry": {"type": "Polygon", "coordinates": [[[-98.180006, 31.463717], [-97.766431, 31.672461], [-97.689834, 31.711019], [-97.60523, 31.587762], [-97.418606, 31.320202], [-97.804399, 31.122092], [-97.9071, 31.069374], [-98.180006, 31.463717]]]}}, {"type": "Feature", "properties": {"name": "Morris", "geoid": "48343", "statefp": "48"}, "geometry": {"type": "Polygon", "coordinates": [[[-94.808783, 33.363636], [-94.781693, 33.318905], [-94.746925, 33.328938], [-94.691826, 33.312405], [-94.65226, 33.268861], [-94.653994, 32.879506], [-94.705878, 32.879177], [-94.719942, 32.904502], [-94.769057, 32.926009], [-94.819828, 32.982886], [-94.808783, 33.363636]]]}}, {"type": "Feature", "properties": {"name": "Parker", "geoid": "48367", "statefp": "48"}, "geometry": {"type": "Polygon", "coordinates": [[[-98.064369, 32.637236], [-98.056094, 33.003332], [-97.921642, 33.001284], [-97.544181, 32.994177], [-97.548201, 32.776114], [-97.550582, 32.555391], [-97.617005, 32.555484], [-98.066836, 32.558822], [-98.064369, 32.637236]]]}}, {"type": "Feature", "properties": {"name": "Robertson", "geoid": "48395", "statefp": "48"}, "geometry": {"type": "Polygon", "coordinates": [[[-96.830497, 31.10522], [-96.596862, 31.2209], [-96.319165, 31.357129], [-96.331121, 31.252465], [-96.24102, 30.973737], [-96.338001, 30.920531], [-96.45763, 30.744474], [-96.566983, 30.69567], [-96.621423, 30.730764], [-96.61224, 30.75771], [-96.64128, 30.818051], [-96.75633, 30.927206], [-96.767149, 31.042829], [-96.830497, 31.10522]]]}}, {"type": "Feature", "properties": {"name": "Williamson", "geoid": "48491", "statefp": "48"}, "geometry": {"type": "Polygon", "coordinates": [[[-97.96286, 30.785641], [-97.8281, 30.904414], [-97.72987, 30.887623], [-97.624051, 30.870004], [-97.315485, 30.752363], [-97.269949, 30.735362], [-97.218861, 30.611883], [-97.155219, 30.457344], [-97.334463, 30.402843], [-97.369539, 30.419563], [-97.596162, 30.501481], [-97.673759, 30.480101], [-97.68412, 30.47629], [-97.694592, 30.461501], [-97.721149, 30.455835], [-97.733685, 30.449701], [-97.746686, 30.449404], [-97.754665, 30.440223], [-97.753635, 30.433287], [-97.77634, 30.429768], [-97.779387, 30.438401], [-97.799725, 30.447138], [-97.811863, 30.447018], [-97.825723, 30.455605], [-97.846541, 30.47341], [-97.867866, 30.546499], [-97.956734, 30.628249], [-98.049886, 30.624155], [-97.96286, 30.785641]]]}}, {"type": "Feature", "properties": {"name": "Castro", "geoid": "48069", "statefp": "48"}, "geometry": {"type": "Polygon", "coordinates": [[[-102.525184, 34.746931], [-102.168839, 34.747417], [-101.998493, 34.74819], [-101.99802, 34.313039], [-102.090415, 34.313132], [-102.525631, 34.313034], [-102.525184, 34.746931]]]}}, {"type": "Feature", "properties": {"name": "Van Zandt", "geoid": "48467", "statefp": "48"}, "geometry": {"type": "Polygon", "coordinates": [[[-96.076801, 32.838489], [-95.934433, 32.837217], [-95.829581, 32.766967], [-95.761537, 32.770314], [-95.659432, 32.711441], [-95.635017, 32.72038], [-95.594541, 32.687026], [-95.5943, 32.479858], [-95.449165, 32.355233], [-96.075899, 32.357505], [-96.076801, 32.838489]]]}}, {"type": "Feature", "properties": {"name": "Cochran", "geoid": "48079", "statefp": "48"}, "geometry": {"type": "Polygon", "coordinates": [[[-103.052610516564, 33.5705747764422], [-103.05261, 33.570599], [-103.047346, 33.824675], [-102.615447, 33.825121], [-102.594836, 33.388489], [-103.056495064338, 33.3884142146206], [-103.052610516564, 33.5705747764422]]]}}, {"type": "Feature", "properties": {"name": "Cameron", "geoid": "48061", "statefp": "48"}, "geometry": {"type": "Polygon", "coordinates": [[[-97.861875, 26.348156], [-97.506936, 26.312702], [-97.446987, 26.324947], [-97.386505, 26.410437], [-97.2272884780129, 26.4111776799575], [-97.196935, 26.305865], [-97.158798, 26.08266], [-97.151922, 26.017653], [-97.145567, 25.971132], [-97.156608, 25.949022], [-97.206945, 25.960899], [-97.277163, 25.935438], [-97.338346, 25.923125], [-97.365976, 25.902447], [-97.360082, 25.868874], [-97.372864, 25.840117], [-97.422636, 25.840378], [-97.454727, 25.879337], [-97.496861, 25.880058], [-97.542957, 25.920035], [-97.582565, 25.937857], [-97.644011, 26.006614], [-97.697069, 26.023455], [-97.758838, 26.032131], [-97.795291, 26.055218], [-97.8622582970613, 26.0577459501697], [-97.861875, 26.348156]]]}}, {"type": "Feature", "properties": {"name": "Hudspeth", "geoid": "48229", "statefp": "48"}, "geometry": {"type": "Polygon", "coordinates": [[[-105.997971151664, 32.001974590699], [-105.750527, 32.002206], [-105.153994, 32.000497], [-104.91835699428, 32.0004720730735], [-104.91289, 31.62512], [-104.916487, 30.821034], [-104.917163, 30.663626], [-104.980753891325, 30.6288120187883], [-105.00124, 30.672583], [-105.062334, 30.686303], [-105.098282, 30.718914], [-105.160153, 30.757059], [-105.21866, 30.801567], [-105.314863, 30.816961], [-105.394242, 30.852979], [-105.399609, 30.888941], [-105.488027, 30.943278], [-105.55743, 30.990229], [-105.579542, 31.035396], [-105.627349, 31.098545], [-105.709491, 31.136375], [-105.773257, 31.166897], [-105.794386, 31.20224], [-105.869353, 31.288634], [-105.938452, 31.318735], [-105.953943, 31.364749], [-105.996429378287, 31.3878401295126], [-105.954328, 31.423468], [-105.993255, 31.478392], [-105.997971151664, 32.001974590699]]]}}, {"type": "Feature", "properties": {"name": "Ward", "geoid": "48475", "statefp": "48"}, "geometry": {"type": "Polygon", "coordinates": [[[-103.610887, 31.651802], [-103.327538, 31.65142], [-102.798939, 31.651783], [-102.767246, 31.651714], [-102.767365, 31.293803], [-102.826735, 31.266881], [-102.933578, 31.350081], [-103.01104, 31.371306], [-103.181225, 31.370245], [-103.261677, 31.42757], [-103.329941, 31.411998], [-103.44241, 31.433752], [-103.509379, 31.625934], [-103.610887, 31.651802]]]}}, {"type": "Feature", "properties": {"name": "Winkler", "geoid": "48495", "statefp": "48"}, "geometry": {"type": "Polygon", "coordinates": [[[-103.326501, 32.00037], [-103.064423, 32.000518], [-103.064422401106, 32.087051], [-102.844395, 32.087062], [-102.799086, 32.085795], [-102.798939, 31.651783], [-103.327538, 31.65142], [-103.326501, 32.00037]]]}}, {"type": "Feature", "properties": {"name": "Lee", "geoid": "48287", "statefp": "48"}, "geometry": {"type": "Polygon", "coordinates": [[[-97.155219, 30.457344], [-96.96363, 30.557198], [-96.790114, 30.390697], [-96.743672, 30.319757], [-96.640883, 30.296786], [-96.734469, 30.241229], [-96.794552, 30.160545], [-96.845857, 30.116027], [-97.018379, 30.032406], [-97.024461, 30.051435], [-97.081834, 30.259357], [-97.334463, 30.402843], [-97.155219, 30.457344]]]}}, {"type": "Feature", "properties": {"name": "Caldwell", "geoid": "48055", "statefp": "48"}, "geometry": {"type": "Polygon", "coordinates": [[[-97.899196, 29.85748], [-97.70879, 30.023451], [-97.64937, 30.067944], [-97.315823, 29.786541], [-97.317893, 29.784658], [-97.597743, 29.630718], [-97.633176, 29.649863], [-97.647785, 29.662127], [-97.721852, 29.682088], [-97.875259, 29.858208], [-97.899196, 29.85748]]]}}, {"type": "Feature", "properties": {"name": "Colorado", "geoid": "48089", "statefp": "48"}, "geometry": {"type": "Polygon", "coordinates": [[[-96.874222, 29.632706], [-96.569844, 29.961516], [-96.535705, 29.907326], [-96.413283, 29.824985], [-96.343247, 29.829697], [-96.259226, 29.668912], [-96.175422, 29.633806], [-96.307672, 29.514523], [-96.349217, 29.406052], [-96.640315, 29.247804], [-96.658466, 29.263876], [-96.560555, 29.335439], [-96.793132, 29.577378], [-96.874222, 29.632706]]]}}, {"type": "Feature", "properties": {"name": "Wise", "geoid": "48497", "statefp": "48"}, "geometry": {"type": "Polygon", "coordinates": [[[-97.920371, 33.099328], [-97.918189, 33.433873], [-97.487065, 33.433681], [-97.406768, 33.43311], [-97.383095, 33.43045], [-97.390828, 33.245787], [-97.391606, 33.218935], [-97.398459, 32.991732], [-97.544181, 32.994177], [-97.921642, 33.001284], [-97.920371, 33.099328]]]}}, {"type": "Feature", "properties": {"name": "Roberts", "geoid": "48393", "statefp": "48"}, "geometry": {"type": "Polygon", "coordinates": [[[-101.086068, 35.625267], [-101.085735, 36.055276], [-101.085716, 36.057572], [-100.546724, 36.056536], [-100.540221, 36.056491], [-100.540158, 35.619296], [-101.085935, 35.619102], [-101.086068, 35.625267]]]}}, {"type": "Feature", "properties": {"name": "Collin", "geoid": "48085", "statefp": "48"}, "geometry": {"type": "Polygon", "coordinates": [[[-96.843776, 33.011336], [-96.840428, 33.15252], [-96.838803, 33.219386], [-96.83411, 33.405498], [-96.727251, 33.402918], [-96.384602, 33.397826], [-96.384495, 33.341119], [-96.295413, 33.351936], [-96.297227, 32.981752], [-96.517011, 32.982862], [-96.613367, 32.984309], [-96.640872, 32.984699], [-96.756464, 32.986298], [-96.844122, 32.987435], [-96.843776, 33.011336]]]}}, {"type": "Feature", "properties": {"name": "Swisher", "geoid": "48437", "statefp": "48"}, "geometry": {"type": "Polygon", "coordinates": [[[-101.998493, 34.74819], [-101.629257, 34.747649], [-101.471562, 34.747462], [-101.47158, 34.31229], [-101.564856, 34.312493], [-101.99802, 34.313039], [-101.998493, 34.74819]]]}}, {"type": "Feature", "properties": {"name": "Randall", "geoid": "48381", "statefp": "48"}, "geometry": {"type": "Polygon", "coordinates": [[[-102.167471, 35.183233], [-101.622941, 35.183117], [-101.629257, 34.747649], [-101.998493, 34.74819], [-102.168839, 34.747417], [-102.167471, 35.183233]]]}}, {"type": "Feature", "properties": {"name": "Hemphill", "geoid": "48211", "statefp": "48"}, "geometry": {"type": "Polygon", "coordinates": [[[-100.540221, 36.056491], [-100.000399, 36.055677], [-100.000396202899, 35.8812329999967], [-100.000392, 35.619115], [-100.540158, 35.619296], [-100.540221, 36.056491]]]}}, {"type": "Feature", "properties": {"name": "La Salle", "geoid": "48283", "statefp": "48"}, "geometry": {"type": "Polygon", "coordinates": [[[-99.395736, 28.640784], [-98.800841, 28.647487], [-98.800848, 28.647306], [-98.803325, 28.05748], [-99.388946, 28.030419], [-99.394177, 28.204627], [-99.395736, 28.640784]]]}}, {"type": "Feature", "properties": {"name": "Coleman", "geoid": "48083", "statefp": "48"}, "geometry": {"type": "Polygon", "coordinates": [[[-99.713971, 32.082089], [-99.631413, 32.081274], [-99.195871, 32.079235], [-99.202768, 31.467234], [-99.314875, 31.409875], [-99.402284, 31.446198], [-99.511477, 31.424401], [-99.60185, 31.49195], [-99.62492, 31.467442], [-99.721698, 31.576759], [-99.713971, 32.082089]]]}}, {"type": "Feature", "properties": {"name": "Atascosa", "geoid": "48013", "statefp": "48"}, "geometry": {"type": "Polygon", "coordinates": [[[-98.804763, 29.250693], [-98.484041, 29.140744], [-98.407336, 29.114435], [-98.190991, 28.882333], [-98.098315, 28.786949], [-98.335031, 28.612658], [-98.335047, 28.648275], [-98.800848, 28.647306], [-98.800841, 28.647487], [-98.8049, 29.090434], [-98.804763, 29.250693]]]}}, {"type": "Feature", "properties": {"name": "Brazoria", "geoid": "48039", "statefp": "48"}, "geometry": {"type": "Polygon", "coordinates": [[[-95.847656, 29.26259], [-95.752866, 29.324503], [-95.626058, 29.293091], [-95.590793, 29.327485], [-95.547577, 29.395197], [-95.550622, 29.438306], [-95.462602, 29.439238], [-95.4463, 29.499637], [-95.424286, 29.580312], [-95.386044, 29.585556], [-95.331146, 29.599108], [-95.297411, 29.596522], [-95.260292, 29.589883], [-95.253856, 29.553778], [-95.216349, 29.555766], [-95.233081, 29.465566], [-95.19219, 29.404367], [-95.056139, 29.199279], [-95.1150505055983, 29.0755520224787], [-95.125134, 29.067321], [-95.191391, 29.02309], [-95.297147, 28.934073], [-95.38239, 28.866348], [-95.439594, 28.859022], [-95.507037396917, 28.8247355121921], [-95.567708, 28.829758], [-95.67955, 28.965734], [-95.769393, 28.971109], [-95.770446, 29.06621], [-95.84631, 29.107799], [-95.874028, 29.229702], [-95.847656, 29.26259]]]}}, {"type": "Feature", "properties": {"name": "Rains", "geoid": "48379", "statefp": "48"}, "geometry": {"type": "Polygon", "coordinates": [[[-95.968411, 32.913556], [-95.9453, 32.979877], [-95.862521, 32.979571], [-95.676795, 32.97959], [-95.665389, 32.960434], [-95.635017, 32.72038], [-95.659432, 32.711441], [-95.761537, 32.770314], [-95.829581, 32.766967], [-95.934433, 32.837217], [-95.986709, 32.873407], [-95.968411, 32.913556]]]}}, {"type": "Feature", "properties": {"name": "Wood", "geoid": "48499", "statefp": "48"}, "geometry": {"type": "Polygon", "coordinates": [[[-95.665389, 32.960434], [-95.308957, 32.962572], [-95.172956, 32.96194], [-95.152206, 33.01345], [-95.15211, 32.902641], [-95.15274, 32.660949], [-95.15341, 32.570115], [-95.166299, 32.543948], [-95.332164, 32.604252], [-95.47297, 32.606426], [-95.594541, 32.687026], [-95.635017, 32.72038], [-95.665389, 32.960434]]]}}, {"type": "Feature", "properties": {"name": "Archer", "geoid": "48009", "statefp": "48"}, "geometry": {"type": "Polygon", "coordinates": [[[-98.953202, 33.834025], [-98.423577, 33.836047], [-98.421419, 33.466797], [-98.420666, 33.396195], [-98.953938, 33.397534], [-98.953202, 33.834025]]]}}, {"type": "Feature", "properties": {"name": "Fayette", "geoid": "48149", "statefp": "48"}, "geometry": {"type": "Polygon", "coordinates": [[[-97.315823, 29.786541], [-97.194235, 29.896776], [-97.024461, 30.051435], [-97.018379, 30.032406], [-96.845857, 30.116027], [-96.794552, 30.160545], [-96.647223, 30.145174], [-96.62198, 30.044283], [-96.569844, 29.961516], [-96.874222, 29.632706], [-97.142643, 29.628101], [-97.133444, 29.645806], [-97.317893, 29.784658], [-97.315823, 29.786541]]]}}, {"type": "Feature", "properties": {"name": "Brown", "geoid": "48049", "statefp": "48"}, "geometry": {"type": "Polygon", "coordinates": [[[-99.195871, 32.079235], [-99.118665, 32.079585], [-98.924401, 32.078018], [-98.668441, 31.700514], [-98.760057, 31.687896], [-98.779951, 31.610735], [-98.991608, 31.484071], [-99.041741, 31.490302], [-99.090622, 31.460927], [-99.098794, 31.44847], [-99.202768, 31.467234], [-99.195871, 32.079235]]]}}, {"type": "Feature", "properties": {"name": "Ector", "geoid": "48135", "statefp": "48"}, "geometry": {"type": "Polygon", "coordinates": [[[-102.799086, 32.085795], [-102.287048, 32.086991], [-102.287345, 31.651276], [-102.31805, 31.651327], [-102.767246, 31.651714], [-102.798939, 31.651783], [-102.799086, 32.085795]]]}}, {"type": "Feature", "properties": {"name": "Irion", "geoid": "48235", "statefp": "48"}, "geometry": {"type": "Polygon", "coordinates": [[[-101.267947, 31.528688], [-100.693065, 31.523954], [-100.688764, 31.086576], [-100.962176, 31.08249], [-101.274799, 31.079379], [-101.267947, 31.528688]]]}}, {"type": "Feature", "properties": {"name": "Austin", "geoid": "48015", "statefp": "48"}, "geometry": {"type": "Polygon", "coordinates": [[[-96.62198, 30.044283], [-96.292849, 30.09615], [-96.159442, 30.053832], [-96.146052, 30.070224], [-96.084541, 30.005137], [-96.122754, 29.968545], [-96.121405, 29.836652], [-96.049234, 29.803187], [-96.032711, 29.727944], [-96.024825, 29.602899], [-96.088912, 29.601658], [-96.112582, 29.623617], [-96.175422, 29.633806], [-96.259226, 29.668912], [-96.343247, 29.829697], [-96.413283, 29.824985], [-96.535705, 29.907326], [-96.569844, 29.961516], [-96.62198, 30.044283]]]}}, {"type": "Feature", "properties": {"name": "Lamar", "geoid": "48277", "statefp": "48"}, "geometry": {"type": "Polygon", "coordinates": [[[-95.855013, 33.827992], [-95.8448785340707, 33.860421904719], [-95.820596, 33.858465], [-95.7896393177523, 33.8724373846723], [-95.737508, 33.895967], [-95.669978, 33.905844], [-95.603657, 33.927195], [-95.556915, 33.92702], [-95.525322, 33.885487], [-95.44737, 33.86885], [-95.352338, 33.867789], [-95.3104497954491, 33.8738430381855], [-95.310673, 33.663154], [-95.308637, 33.380662], [-95.372972, 33.39094], [-95.490158, 33.453663], [-95.621027, 33.48706], [-95.671634, 33.472636], [-95.758439, 33.495098], [-95.857738, 33.461722], [-95.855013, 33.827992]]]}}, {"type": "Feature", "properties": {"name": "Hood", "geoid": "48221", "statefp": "48"}, "geometry": {"type": "Polygon", "coordinates": [[[-98.066836, 32.558822], [-97.617005, 32.555484], [-97.61572, 32.318617], [-97.78276, 32.316493], [-97.945625, 32.233468], [-98.068545, 32.511626], [-98.066836, 32.558822]]]}}, {"type": "Feature", "properties": {"name": "Denton", "geoid": "48121", "statefp": "48"}, "geometry": {"type": "Polygon", "coordinates": [[[-97.391606, 33.218935], [-97.390828, 33.245787], [-97.383095, 33.43045], [-97.220092, 33.425122], [-96.94386, 33.41641], [-96.85369, 33.413613], [-96.83411, 33.405498], [-96.838803, 33.219386], [-96.840428, 33.15252], [-96.843776, 33.011336], [-96.844122, 32.987435], [-96.909997, 32.988346], [-96.939882, 32.988822], [-97.031007, 32.989691], [-97.299329, 32.991282], [-97.327762, 32.991418], [-97.398459, 32.991732], [-97.391606, 33.218935]]]}}, {"type": "Feature", "properties": {"name": "Delta", "geoid": "48119", "statefp": "48"}, "geometry": {"type": "Polygon", "coordinates": [[[-95.858723, 33.40953], [-95.857738, 33.461722], [-95.758439, 33.495098], [-95.671634, 33.472636], [-95.621027, 33.48706], [-95.490158, 33.453663], [-95.372972, 33.39094], [-95.308637, 33.380662], [-95.30664, 33.378027], [-95.308593, 33.37719], [-95.501827, 33.347865], [-95.584549, 33.359344], [-95.673722, 33.302117], [-95.720231, 33.299411], [-95.731056, 33.305222], [-95.786682, 33.253997], [-95.861778, 33.21933], [-95.858723, 33.40953]]]}}, {"type": "Feature", "properties": {"name": "Duval", "geoid": "48131", "statefp": "48"}, "geometry": {"type": "Polygon", "coordinates": [[[-98.803325, 28.05748], [-98.334323, 28.0578], [-98.235497, 28.057966], [-98.232464, 27.262487], [-98.523284, 27.26515], [-98.522293, 27.343284], [-98.589537, 27.358695], [-98.798323, 27.354029], [-98.803325, 28.05748]]]}}, {"type": "Feature", "properties": {"name": "McLennan", "geoid": "48309", "statefp": "48"}, "geometry": {"type": "Polygon", "coordinates": [[[-97.60523, 31.587762], [-97.277265, 31.745492], [-97.037266, 31.863079], [-96.932215, 31.708887], [-96.801123, 31.522269], [-97.278113, 31.279799], [-97.343426, 31.244215], [-97.418606, 31.320202], [-97.60523, 31.587762]]]}}, {"type": "Feature", "properties": {"name": "Burnet", "geoid": "48053", "statefp": "48"}, "geometry": {"type": "Polygon", "coordinates": [[[-98.445782, 30.921439], [-98.418746, 30.92626], [-98.439711, 31.029647], [-97.911689, 31.035009], [-97.840365, 30.929318], [-97.8281, 30.904414], [-97.96286, 30.785641], [-98.049886, 30.624155], [-98.12342, 30.486482], [-98.125556, 30.426186], [-98.351041, 30.486096], [-98.351983, 30.558393], [-98.411148, 30.574644], [-98.438995, 30.673285], [-98.371905, 30.740485], [-98.432098, 30.78631], [-98.376877, 30.83489], [-98.457382, 30.878897], [-98.445782, 30.921439]]]}}, {"type": "Feature", "properties": {"name": "Orange", "geoid": "48361", "statefp": "48"}, "geometry": {"type": "Polygon", "coordinates": [[[-94.117604, 30.241665], [-93.901452, 30.242672], [-93.7110621713009, 30.2439707156403], [-93.713359, 30.225261], [-93.703764, 30.173936], [-93.702436, 30.112721], [-93.70394, 30.054291], [-93.7061835663174, 30.0523143321691], [-93.741078, 30.021571], [-93.807815, 29.954549], [-93.830374, 29.894359], [-93.8523098709223, 29.8720910043919], [-93.843896, 29.954805], [-94.031976, 30.028013], [-94.093978, 30.086265], [-94.073678, 30.114111], [-94.115917, 30.160347], [-94.091217, 30.204648], [-94.117604, 30.241665]]]}}, {"type": "Feature", "properties": {"name": "Lynn", "geoid": "48305", "statefp": "48"}, "geometry": {"type": "Polygon", "coordinates": [[[-102.075929, 33.389586], [-101.556884, 33.39476], [-101.557434, 32.961025], [-101.691284, 32.961838], [-102.076214, 32.959702], [-102.075929, 33.389586]]]}}, {"type": "Feature", "properties": {"name": "Reeves", "geoid": "48389", "statefp": "48"}, "geometry": {"type": "Polygon", "coordinates": [[[-104.024521, 32.00001], [-103.980213477381, 32.0000328513626], [-103.885584, 31.870373], [-103.829385, 31.887992], [-103.797232, 31.770187], [-103.625726, 31.705032], [-103.610887, 31.651802], [-103.509379, 31.625934], [-103.44241, 31.433752], [-103.329941, 31.411998], [-103.261677, 31.42757], [-103.181225, 31.370245], [-103.01104, 31.371306], [-103.585084, 30.76647], [-104.102351, 31.105203], [-104.024521, 32.00001]]]}}, {"type": "Feature", "properties": {"name": "Deaf Smith", "geoid": "48117", "statefp": "48"}, "geometry": {"type": "Polygon", "coordinates": [[[-103.042738818608, 34.9541420403614], [-103.042711, 35.144735], [-103.042617950565, 35.1831572590084], [-102.167471, 35.183233], [-102.168839, 34.747417], [-102.525184, 34.746931], [-103.042769, 34.747361], [-103.042738818608, 34.9541420403614]]]}}, {"type": "Feature", "properties": {"name": "Pecos", "geoid": "48371", "statefp": "48"}, "geometry": {"type": "Polygon", "coordinates": [[[-103.585084, 30.76647], [-103.01104, 31.371306], [-102.933578, 31.350081], [-102.826735, 31.266881], [-102.767365, 31.293803], [-102.676104, 31.330084], [-102.600677, 31.267097], [-102.523063, 31.262698], [-102.429545, 31.193557], [-102.388804, 31.087156], [-102.292681, 31.036677], [-102.202032, 31.031026], [-102.191731, 31.003788], [-101.98364, 30.98717], [-101.883436, 30.925647], [-101.80742, 30.699504], [-101.76842, 30.653077], [-102.137778, 30.655982], [-102.138406, 30.597521], [-102.342986, 30.598759], [-102.343085, 30.284116], [-102.566937, 30.283269], [-102.567049, 30.052808], [-103.439976, 30.665939], [-103.585084, 30.76647]]]}}, {"type": "Feature", "properties": {"name": "Scurry", "geoid": "48415", "statefp": "48"}, "geometry": {"type": "Polygon", "coordinates": [[[-101.173378, 32.963597], [-101.03866, 32.970225], [-100.990181, 32.965023], [-100.65587, 32.963469], [-100.660626, 32.525312], [-101.174562, 32.527703], [-101.173378, 32.963597]]]}}, {"type": "Feature", "properties": {"name": "Floyd", "geoid": "48153", "statefp": "48"}, "geometry": {"type": "Polygon", "coordinates": [[[-101.564856, 34.312493], [-101.47158, 34.31229], [-101.041484, 34.312444], [-101.041158, 33.833625], [-101.56358, 33.830451], [-101.564856, 34.312493]]]}}, {"type": "Feature", "properties": {"name": "Real", "geoid": "48385", "statefp": "48"}, "geometry": {"type": "Polygon", "coordinates": [[[-100.013291, 29.794339], [-99.967626, 30.082356], [-99.757621, 30.074132], [-99.689879, 30.073948], [-99.691215, 29.908582], [-99.602776, 29.907679], [-99.60313, 29.627181], [-100.014188, 29.623495], [-100.013291, 29.794339]]]}}, {"type": "Feature", "properties": {"name": "Terrell", "geoid": "48443", "statefp": "48"}, "geometry": {"type": "Polygon", "coordinates": [[[-102.566937, 30.283269], [-102.343085, 30.284116], [-102.342986, 30.598759], [-102.138406, 30.597521], [-102.137778, 30.655982], [-101.76842, 30.653077], [-101.652446, 30.620471], [-101.646245, 30.560763], [-101.740429, 30.420897], [-101.65853, 30.357861], [-101.7584, 30.288044], [-101.761619209528, 29.7788600967222], [-101.809441, 29.790161], [-101.8754, 29.794023], [-101.966167, 29.807343], [-102.021919, 29.802491], [-102.073646, 29.786926], [-102.115682, 29.79239], [-102.161674, 29.819487], [-102.227553, 29.843534], [-102.301381, 29.877674], [-102.318683954588, 29.8721929465015], [-102.327002, 29.883305], [-102.567049, 30.052808], [-102.566937, 30.283269]]]}}, {"type": "Feature", "properties": {"name": "San Saba", "geoid": "48411", "statefp": "48"}, "geometry": {"type": "Polygon", "coordinates": [[[-99.090622, 31.460927], [-99.041741, 31.490302], [-98.991608, 31.484071], [-98.933188, 31.436928], [-98.8725, 31.444299], [-98.854292, 31.413425], [-98.773, 31.410926], [-98.76162, 31.375953], [-98.726094, 31.428278], [-98.696634, 31.407287], [-98.713131, 31.34883], [-98.65456, 31.370022], [-98.643921, 31.31407], [-98.587268, 31.325463], [-98.626926, 31.281182], [-98.562732, 31.230443], [-98.510341, 31.155666], [-98.527504, 31.091171], [-98.439711, 31.029647], [-98.418746, 30.92626], [-98.445782, 30.921439], [-98.964612, 30.921368], [-99.086627, 30.921949], [-99.092317, 30.941002], [-99.090622, 31.460927]]]}}, {"type": "Feature", "properties": {"name": "Baylor", "geoid": "48023", "statefp": "48"}, "geometry": {"type": "Polygon", "coordinates": [[[-99.47565, 33.834005], [-98.953202, 33.834025], [-98.953938, 33.397534], [-99.472444, 33.399023], [-99.474498, 33.733849], [-99.47565, 33.834005]]]}}, {"type": "Feature", "properties": {"name": "Bandera", "geoid": "48019", "statefp": "48"}, "geometry": {"type": "Polygon", "coordinates": [[[-99.602776, 29.907679], [-99.176988, 29.895063], [-98.917725, 29.781398], [-98.778782, 29.720167], [-98.806552, 29.690709], [-98.927161, 29.56225], [-98.971383, 29.551842], [-98.983787, 29.62345], [-99.411817, 29.627514], [-99.60313, 29.627181], [-99.602776, 29.907679]]]}}, {"type": "Feature", "properties": {"name": "Wharton", "geoid": "48481", "statefp": "48"}, "geometry": {"type": "Polygon", "coordinates": [[[-96.349217, 29.406052], [-96.307672, 29.514523], [-96.175422, 29.633806], [-96.112582, 29.623617], [-96.088912, 29.601658], [-96.044596, 29.562238], [-96.059627, 29.473329], [-95.97343, 29.411445], [-95.94681, 29.333433], [-95.847656, 29.26259], [-95.874028, 29.229702], [-95.965196, 29.146865], [-96.309178, 28.963291], [-96.640315, 29.247804], [-96.349217, 29.406052]]]}}, {"type": "Feature", "properties": {"name": "Shackelford", "geoid": "48417", "statefp": "48"}, "geometry": {"type": "Polygon", "coordinates": [[[-99.612001, 32.956962], [-99.471258, 32.957025], [-99.096016, 32.957037], [-99.09605, 32.514768], [-99.114293, 32.514811], [-99.397054, 32.51511], [-99.612026, 32.514654], [-99.612001, 32.956962]]]}}, {"type": "Feature", "properties": {"name": "Marion", "geoid": "48315", "statefp": "48"}, "geometry": {"type": "Polygon", "coordinates": [[[-94.705878, 32.879177], [-94.653994, 32.879506], [-94.0430026215633, 32.881088978924], [-94.043026, 32.797476], [-94.0430515276176, 32.6930299766656], [-94.092738, 32.734269], [-94.176401, 32.694694], [-94.242809, 32.75073], [-94.390783, 32.694377], [-94.507323, 32.693738], [-94.70214, 32.793088], [-94.672351, 32.834756], [-94.705878, 32.879177]]]}}, {"type": "Feature", "properties": {"name": "Harrison", "geoid": "48203", "statefp": "48"}, "geometry": {"type": "Polygon", "coordinates": [[[-94.70214, 32.793088], [-94.507323, 32.693738], [-94.390783, 32.694377], [-94.242809, 32.75073], [-94.176401, 32.694694], [-94.092738, 32.734269], [-94.0430515276176, 32.6930299766656], [-94.043083, 32.564261], [-94.0427882328053, 32.3922831932812], [-94.350303, 32.326614], [-94.385839, 32.3672], [-94.491818, 32.394137], [-94.554971, 32.407603], [-94.579219, 32.394916], [-94.701986, 32.421782], [-94.70179, 32.652209], [-94.70214, 32.793088]]]}}, {"type": "Feature", "properties": {"name": "Johnson", "geoid": "48251", "statefp": "48"}, "geometry": {"type": "Polygon", "coordinates": [[[-97.617005, 32.555484], [-97.550582, 32.555391], [-97.364575, 32.553417], [-97.232799, 32.551484], [-97.17704, 32.550646], [-97.087055, 32.549296], [-97.087043, 32.266824], [-97.113748, 32.259189], [-97.270479, 32.226774], [-97.466106, 32.183889], [-97.476086, 32.17346], [-97.514333, 32.133802], [-97.615087, 32.203491], [-97.61572, 32.318617], [-97.617005, 32.555484]]]}}, {"type": "Feature", "properties": {"name": "Zavala", "geoid": "48507", "statefp": "48"}, "geometry": {"type": "Polygon", "coordinates": [[[-100.111406, 29.086318], [-99.41388, 29.091335], [-99.409021, 28.640566], [-100.114336, 28.648122], [-100.111406, 29.086318]]]}}, {"type": "Feature", "properties": {"name": "Jim Wells", "geoid": "48249", "statefp": "48"}, "geometry": {"type": "Polygon", "coordinates": [[[-98.235497, 28.057966], [-97.883148, 28.0569], [-97.801388, 28.03836], [-97.798517, 27.995659], [-97.934274, 27.885202], [-97.942146, 27.635932], [-98.059464, 27.635862], [-98.058078, 27.260981], [-98.232464, 27.262487], [-98.235497, 28.057966]]]}}, {"type": "Feature", "properties": {"name": "Smith", "geoid": "48423", "statefp": "48"}, "geometry": {"type": "Polygon", "coordinates": [[[-95.594541, 32.687026], [-95.47297, 32.606426], [-95.332164, 32.604252], [-95.166299, 32.543948], [-95.15341, 32.570115], [-95.015037, 32.542696], [-95.009992, 32.516478], [-94.986935, 32.537246], [-94.985411, 32.37082], [-94.985272, 32.137989], [-95.459908, 32.135559], [-95.478585, 32.147224], [-95.488733, 32.232486], [-95.449165, 32.355233], [-95.5943, 32.479858], [-95.594541, 32.687026]]]}}, {"type": "Feature", "properties": {"name": "Walker", "geoid": "48471", "statefp": "48"}, "geometry": {"type": "Polygon", "coordinates": [[[-95.863059, 30.864125], [-95.716508, 30.911405], [-95.616233, 30.910196], [-95.617872, 30.930418], [-95.434781, 31.058098], [-95.434335, 30.937405], [-95.396697, 30.857706], [-95.32748, 30.859547], [-95.338625, 30.737826], [-95.359156, 30.504369], [-95.598971, 30.509002], [-95.83024, 30.630284], [-95.834197, 30.658], [-95.863059, 30.864125]]]}}, {"type": "Feature", "properties": {"name": "Waller", "geoid": "48473", "statefp": "48"}, "geometry": {"type": "Polygon", "coordinates": [[[-96.15901, 30.206613], [-96.093165, 30.225187], [-96.069319, 30.229964], [-95.804306, 30.24557], [-95.80333, 30.090096], [-95.960615, 30.163628], [-95.830196, 29.800418], [-95.825975, 29.788616], [-95.97094, 29.728554], [-96.032711, 29.727944], [-96.049234, 29.803187], [-96.121405, 29.836652], [-96.122754, 29.968545], [-96.084541, 30.005137], [-96.146052, 30.070224], [-96.191782, 30.13842], [-96.15901, 30.206613]]]}}, {"type": "Feature", "properties": {"name": "Houston", "geoid": "48225", "statefp": "48"}, "geometry": {"type": "Polygon", "coordinates": [[[-95.728703, 31.164064], [-95.725226, 31.271084], [-95.655545, 31.32964], [-95.739279, 31.504056], [-95.651764, 31.541791], [-95.273203, 31.592886], [-95.168509, 31.583671], [-95.099966, 31.518869], [-95.101382, 31.469887], [-95.003345, 31.42571], [-94.976718, 31.409145], [-94.95811, 31.38693], [-95.434781, 31.058098], [-95.617872, 30.930418], [-95.681158, 30.986958], [-95.656487, 31.079339], [-95.76441, 31.094211], [-95.728703, 31.164064]]]}}, {"type": "Feature", "properties": {"name": "Cooke", "geoid": "48097", "statefp": "48"}, "geometry": {"type": "Polygon", "coordinates": [[[-97.4841434385876, 33.9138891088909], [-97.451469, 33.87093], [-97.444193, 33.823773], [-97.372941, 33.819454], [-97.318243, 33.865121], [-97.24618, 33.900344], [-97.206141, 33.91428], [-97.166629, 33.847311], [-97.205652, 33.809824], [-97.149394, 33.721967], [-97.091072, 33.735115], [-97.087852, 33.774099], [-97.07859, 33.812756], [-97.055838, 33.855741], [-96.985567, 33.886522], [-96.988745, 33.918468], [-96.952313, 33.944582], [-96.9446168883705, 33.945013250454], [-96.94386, 33.41641], [-97.220092, 33.425122], [-97.383095, 33.43045], [-97.406768, 33.43311], [-97.487065, 33.433681], [-97.4841434385876, 33.9138891088909]]]}}, {"type": "Feature", "properties": {"name": "Stephens", "geoid": "48429", "statefp": "48"}, "geometry": {"type": "Polygon", "coordinates": [[[-99.096016, 32.957037], [-98.950875, 32.956918], [-98.575616, 32.954349], [-98.576256, 32.515163], [-99.09605, 32.514768], [-99.096016, 32.957037]]]}}, {"type": "Feature", "properties": {"name": "Oldham", "geoid": "48359", "statefp": "48"}, "geometry": {"type": "Polygon", "coordinates": [[[-103.041554, 35.622487], [-102.162809, 35.627515], [-102.162752, 35.620035], [-102.167471, 35.183233], [-103.042617950565, 35.1831572590084], [-103.041554, 35.622487]]]}}, {"type": "Feature", "properties": {"name": "Cherokee", "geoid": "48073", "statefp": "48"}, "geometry": {"type": "Polygon", "coordinates": [[[-95.459908, 32.135559], [-94.985272, 32.137989], [-94.985037, 31.846193], [-94.937532, 31.845555], [-94.978128, 31.793294], [-94.924219, 31.579487], [-94.865857, 31.526916], [-95.003345, 31.42571], [-95.101382, 31.469887], [-95.099966, 31.518869], [-95.168509, 31.583671], [-95.273203, 31.592886], [-95.258844, 31.610532], [-95.341573, 31.735289], [-95.394378, 31.763302], [-95.413499, 31.835515], [-95.446825, 31.843495], [-95.422735, 31.924823], [-95.453519, 31.959876], [-95.428512, 32.084475], [-95.459908, 32.135559]]]}}, {"type": "Feature", "properties": {"name": "Maverick", "geoid": "48323", "statefp": "48"}, "geometry": {"type": "Polygon", "coordinates": [[[-100.671215189194, 29.0835160253445], [-100.111406, 29.086318], [-100.114336, 28.648122], [-100.113719, 28.197819], [-100.197510055501, 28.1970007311399], [-100.267604, 28.250269], [-100.287554, 28.301093], [-100.320393, 28.362117], [-100.337059, 28.427151], [-100.368288, 28.477196], [-100.38886, 28.515748], [-100.39727, 28.575637], [-100.448648, 28.616774], [-100.500354, 28.66196], [-100.506701, 28.716745], [-100.533017, 28.76328], [-100.53583, 28.805888], [-100.576846, 28.836168], [-100.627206, 28.903734], [-100.646993, 28.957079], [-100.660208, 29.031497], [-100.671215189194, 29.0835160253445]]]}}, {"type": "Feature", "properties": {"name": "Young", "geoid": "48503", "statefp": "48"}, "geometry": {"type": "Polygon", "coordinates": [[[-98.953938, 33.397534], [-98.420666, 33.396195], [-98.426553, 33.007913], [-98.427211, 32.9523], [-98.575616, 32.954349], [-98.950875, 32.956918], [-98.953938, 33.397534]]]}}, {"type": "Feature", "properties": {"name": "Moore", "geoid": "48341", "statefp": "48"}, "geometry": {"type": "Polygon", "coordinates": [[[-102.163015, 36.055249], [-101.623466, 36.055405], [-101.622831, 35.624057], [-101.6228, 35.620196], [-102.162752, 35.620035], [-102.162809, 35.627515], [-102.163015, 36.055249]]]}}, {"type": "Feature", "properties": {"name": "Bastrop", "geoid": "48021", "statefp": "48"}, "geometry": {"type": "Polygon", "coordinates": [[[-97.491254, 30.21211], [-97.486329, 30.220528], [-97.400089, 30.367906], [-97.369539, 30.419563], [-97.334463, 30.402843], [-97.081834, 30.259357], [-97.024461, 30.051435], [-97.194235, 29.896776], [-97.315823, 29.786541], [-97.64937, 30.067944], [-97.491254, 30.21211]]]}}, {"type": "Feature", "properties": {"name": "Bee", "geoid": "48025", "statefp": "48"}, "geometry": {"type": "Polygon", "coordinates": [[[-98.005252, 28.690239], [-97.915106, 28.719648], [-97.77853, 28.668027], [-97.696945, 28.541856], [-97.558496, 28.514054], [-97.551369, 28.450441], [-97.375579, 28.388684], [-97.541071, 28.164669], [-97.567622, 28.129683], [-97.817716, 28.176848], [-97.808774, 28.183415], [-98.089764, 28.662979], [-98.005252, 28.690239]]]}}, {"type": "Feature", "properties": {"name": "Chambers", "geoid": "48071", "statefp": "48"}, "geometry": {"type": "Polygon", "coordinates": [[[-95.015039, 29.63195], [-94.913813, 29.7663], [-94.908663, 29.82607], [-94.98146, 29.884276], [-94.442235, 29.889538], [-94.420877, 29.887113], [-94.357976, 29.887464], [-94.3541225449137, 29.5621028201748], [-94.370816, 29.555645988295], [-94.422868, 29.566256], [-94.545908, 29.572503], [-94.762569, 29.524162], [-94.791611, 29.550416], [-94.909845, 29.496441], [-95.018205, 29.554597], [-95.015039, 29.63195]]]}}, {"type": "Feature", "properties": {"name": "Comanche", "geoid": "48093", "statefp": "48"}, "geometry": {"type": "Polygon", "coordinates": [[[-98.924401, 32.078018], [-98.551158, 32.261436], [-98.327499, 31.941261], [-98.251211, 31.980127], [-98.208386, 31.917511], [-98.156568, 31.841713], [-98.463736, 31.683989], [-98.492802, 31.723608], [-98.668441, 31.700514], [-98.924401, 32.078018]]]}}, {"type": "Feature", "properties": {"name": "Cass", "geoid": "48067", "statefp": "48"}, "geometry": {"type": "Polygon", "coordinates": [[[-94.65226, 33.268861], [-94.572463, 33.249826], [-94.517868, 33.282096], [-94.415739, 33.284017], [-94.379409, 33.255651], [-94.231743, 33.240857], [-94.218517, 33.296936], [-94.056144, 33.298036], [-94.0429458450603, 33.2712410493864], [-94.042719, 33.160291], [-94.042964, 33.019219], [-94.0430026215633, 32.881088978924], [-94.653994, 32.879506], [-94.65226, 33.268861]]]}}, {"type": "Feature", "properties": {"name": "Coke", "geoid": "48081", "statefp": "48"}, "geometry": {"type": "Polygon", "coordinates": [[[-100.821594, 32.08661], [-100.665353, 32.085407], [-100.271675, 32.081432], [-100.235137, 32.082372], [-100.235761, 31.69297], [-100.82537, 31.696155], [-100.821594, 32.08661]]]}}, {"type": "Feature", "properties": {"name": "Eastland", "geoid": "48133", "statefp": "48"}, "geometry": {"type": "Polygon", "coordinates": [[[-99.114293, 32.514811], [-99.09605, 32.514768], [-98.576256, 32.515163], [-98.475177, 32.513039], [-98.474685, 32.299084], [-98.551158, 32.261436], [-98.924401, 32.078018], [-99.118665, 32.079585], [-99.114293, 32.514811]]]}}, {"type": "Feature", "properties": {"name": "Nolan", "geoid": "48353", "statefp": "48"}, "geometry": {"type": "Polygon", "coordinates": [[[-100.660626, 32.525312], [-100.146543, 32.522793], [-100.151911, 32.082638], [-100.235137, 32.082372], [-100.271675, 32.081432], [-100.665353, 32.085407], [-100.660626, 32.525312]]]}}, {"type": "Feature", "properties": {"name": "Dimmit", "geoid": "48127", "statefp": "48"}, "geometry": {"type": "Polygon", "coordinates": [[[-100.114336, 28.648122], [-99.409021, 28.640566], [-99.395736, 28.640784], [-99.394177, 28.204627], [-100.113719, 28.197819], [-100.114336, 28.648122]]]}}, {"type": "Feature", "properties": {"name": "Upshur", "geoid": "48459", "statefp": "48"}, "geometry": {"type": "Polygon", "coordinates": [[[-95.15274, 32.660949], [-95.15211, 32.902641], [-94.719942, 32.904502], [-94.705878, 32.879177], [-94.672351, 32.834756], [-94.70214, 32.793088], [-94.70179, 32.652209], [-94.746136, 32.66754], [-94.766387, 32.650962], [-94.820223, 32.590648], [-94.986935, 32.537246], [-95.009992, 32.516478], [-95.015037, 32.542696], [-95.15341, 32.570115], [-95.15274, 32.660949]]]}}, {"type": "Feature", "properties": {"name": "Hopkins", "geoid": "48223", "statefp": "48"}, "geometry": {"type": "Polygon", "coordinates": [[[-95.861778, 33.21933], [-95.786682, 33.253997], [-95.731056, 33.305222], [-95.720231, 33.299411], [-95.673722, 33.302117], [-95.584549, 33.359344], [-95.501827, 33.347865], [-95.308593, 33.37719], [-95.308957, 32.962572], [-95.665389, 32.960434], [-95.676795, 32.97959], [-95.862521, 32.979571], [-95.861778, 33.21933]]]}}, {"type": "Feature", "properties": {"name": "Donley", "geoid": "48129", "statefp": "48"}, "geometry": {"type": "Polygon", "coordinates": [[[-101.086281, 35.18214], [-100.538978, 35.183144], [-100.540703, 34.747723], [-100.944939, 34.748281], [-101.090749, 34.748246], [-101.086281, 35.18214]]]}}, {"type": "Feature", "properties": {"name": "Andrews", "geoid": "48003", "statefp": "48"}, "geometry": {"type": "Polygon", "coordinates": [[[-103.064696, 32.522193], [-102.211037, 32.523244], [-102.211249, 32.0868], [-102.287048, 32.086991], [-102.799086, 32.085795], [-102.844395, 32.087062], [-103.064422401106, 32.087051], [-103.064422, 32.145006], [-103.064696, 32.522193]]]}}, {"type": "Feature", "properties": {"name": "Terry", "geoid": "48445", "statefp": "48"}, "geometry": {"type": "Polygon", "coordinates": [[[-102.594836, 33.388489], [-102.075929, 33.389586], [-102.076214, 32.959702], [-102.20852, 32.958956], [-102.595023, 32.958831], [-102.594836, 33.388489]]]}}, {"type": "Feature", "properties": {"name": "Bailey", "geoid": "48017", "statefp": "48"}, "geometry": {"type": "Polygon", "coordinates": [[[-103.043516, 34.079382], [-103.043835830165, 34.302648], [-103.043850301172, 34.3127498735079], [-102.61515, 34.312891], [-102.615447, 33.825121], [-103.047346, 33.824675], [-103.043516, 34.079382]]]}}, {"type": "Feature", "properties": {"name": "Karnes", "geoid": "48255", "statefp": "48"}, "geometry": {"type": "Polygon", "coordinates": [[[-98.190991, 28.882333], [-97.728443, 29.221748], [-97.613132, 29.109765], [-97.75511, 29.007113], [-97.574639, 28.8133], [-97.77853, 28.668027], [-97.915106, 28.719648], [-98.005252, 28.690239], [-98.098315, 28.786949], [-98.190991, 28.882333]]]}}, {"type": "Feature", "properties": {"name": "Kerr", "geoid": "48265", "statefp": "48"}, "geometry": {"type": "Polygon", "coordinates": [[[-99.754142, 30.290698], [-99.301718, 30.286653], [-99.300988, 30.134298], [-98.920147, 30.13829], [-98.917725, 29.781398], [-99.176988, 29.895063], [-99.602776, 29.907679], [-99.691215, 29.908582], [-99.689879, 30.073948], [-99.757621, 30.074132], [-99.754142, 30.290698]]]}}, {"type": "Feature", "properties": {"name": "Parmer", "geoid": "48369", "statefp": "48"}, "geometry": {"type": "Polygon", "coordinates": [[[-103.043946, 34.379555], [-103.043072, 34.619782], [-103.042769, 34.747361], [-102.525184, 34.746931], [-102.525631, 34.313034], [-102.61515, 34.312891], [-103.043850301172, 34.3127498735079], [-103.043946, 34.379555]]]}}, {"type": "Feature", "properties": {"name": "Borden", "geoid": "48033", "statefp": "48"}, "geometry": {"type": "Polygon", "coordinates": [[[-101.691284, 32.961838], [-101.557434, 32.961025], [-101.173378, 32.963597], [-101.174562, 32.527703], [-101.174571, 32.524112], [-101.68874, 32.525222], [-101.691284, 32.961838]]]}}, {"type": "Feature", "properties": {"name": "Willacy", "geoid": "48489", "statefp": "48"}, "geometry": {"type": "Polygon", "coordinates": [[[-97.957405, 26.611769], [-97.861688, 26.597995], [-97.2875411166858, 26.6003398814733], [-97.253801, 26.503164], [-97.2272884780129, 26.4111776799575], [-97.386505, 26.410437], [-97.446987, 26.324947], [-97.506936, 26.312702], [-97.861875, 26.348156], [-97.86192, 26.433579], [-98.004189, 26.448784], [-97.957405, 26.611769]]]}}, {"type": "Feature", "properties": {"name": "Tyler", "geoid": "48457", "statefp": "48"}, "geometry": {"type": "Polygon", "coordinates": [[[-94.561943, 31.058952], [-94.526629, 31.055722], [-94.457816, 31.033325], [-94.45327, 31.006237], [-94.353782, 31.039371], [-94.238424, 31.013705], [-94.244888, 30.968174], [-94.200441, 30.929256], [-94.179343, 30.794974], [-94.150119, 30.790203], [-94.125824, 30.684052], [-94.089369, 30.686978], [-94.05096, 30.638568], [-94.094812, 30.575543], [-94.071689, 30.526033], [-94.545717, 30.526977], [-94.657992, 31.012007], [-94.561943, 31.058952]]]}}, {"type": "Feature", "properties": {"name": "Freestone", "geoid": "48161", "statefp": "48"}, "geometry": {"type": "Polygon", "coordinates": [[[-96.496713, 31.796191], [-96.05478, 32.012526], [-96.052786, 32.005895], [-96.062172, 31.95634], [-96.022491, 31.957549], [-95.980568, 31.784561], [-95.875937, 31.755503], [-95.861262, 31.687451], [-95.779743, 31.683938], [-95.789679, 31.648776], [-95.7873, 31.618385], [-96.236629, 31.413392], [-96.478349, 31.769537], [-96.496713, 31.796191]]]}}, {"type": "Feature", "properties": {"name": "Kaufman", "geoid": "48257", "statefp": "48"}, "geometry": {"type": "Polygon", "coordinates": [[[-96.529412, 32.545277], [-96.522914, 32.564528], [-96.51897, 32.813616], [-96.297376, 32.814185], [-96.297322, 32.841723], [-96.076801, 32.838489], [-96.075899, 32.357505], [-96.196231, 32.354762], [-96.452372, 32.358659], [-96.434514, 32.38873], [-96.529678, 32.54528], [-96.529412, 32.545277]]]}}, {"type": "Feature", "properties": {"name": "Lampasas", "geoid": "48281", "statefp": "48"}, "geometry": {"type": "Polygon", "coordinates": [[[-98.562732, 31.230443], [-98.281557, 31.401451], [-98.27107, 31.416398], [-98.180006, 31.463717], [-97.9071, 31.069374], [-97.911689, 31.035009], [-98.439711, 31.029647], [-98.527504, 31.091171], [-98.510341, 31.155666], [-98.562732, 31.230443]]]}}, {"type": "Feature", "properties": {"name": "Lubbock", "geoid": "48303", "statefp": "48"}, "geometry": {"type": "Polygon", "coordinates": [[[-102.085733, 33.824675], [-101.56358, 33.830451], [-101.556884, 33.39476], [-102.075929, 33.389586], [-102.085733, 33.824675]]]}}, {"type": "Feature", "properties": {"name": "Navarro", "geoid": "48349", "statefp": "48"}, "geometry": {"type": "Polygon", "coordinates": [[[-96.896209, 32.073977], [-96.38291, 32.328929], [-96.196965, 32.206942], [-96.146799, 32.211937], [-96.105364, 32.075337], [-96.05478, 32.012526], [-96.496713, 31.796191], [-96.719114, 31.814887], [-96.896209, 32.073977]]]}}, {"type": "Feature", "properties": {"name": "Wilbarger", "geoid": "48487", "statefp": "48"}, "geometry": {"type": "Polygon", "coordinates": [[[-99.475294, 34.085618], [-99.4750221370384, 34.3968709897905], [-99.470969, 34.396471], [-99.420432, 34.380464], [-99.394956, 34.442099], [-99.350407, 34.437083], [-99.27534, 34.386599], [-99.2216079008455, 34.3253735743726], [-99.2116, 34.31397], [-99.189511, 34.214312], [-99.131553, 34.209352], [-99.0588, 34.201256], [-99.002916, 34.208782], [-98.9523248875282, 34.2046698986035], [-98.953202, 33.834025], [-99.47565, 33.834005], [-99.475294, 34.085618]]]}}, {"type": "Feature", "properties": {"name": "Collingsworth", "geoid": "48087", "statefp": "48"}, "geometry": {"type": "Polygon", "coordinates": [[[-100.538978, 35.183144], [-100.000385, 35.182702], [-100.000384017848, 35.0299299999999], [-100.000382194816, 34.7463605525616], [-100.415895, 34.747525], [-100.540703, 34.747723], [-100.538978, 35.183144]]]}}, {"type": "Feature", "properties": {"name": "Crockett", "geoid": "48105", "statefp": "48"}, "geometry": {"type": "Polygon", "coordinates": [[[-102.301212, 31.086212], [-101.776191, 31.079784], [-101.274799, 31.079379], [-100.962176, 31.08249], [-100.960587, 30.706071], [-100.960643, 30.287776], [-101.7584, 30.288044], [-101.65853, 30.357861], [-101.740429, 30.420897], [-101.646245, 30.560763], [-101.652446, 30.620471], [-101.76842, 30.653077], [-101.80742, 30.699504], [-101.883436, 30.925647], [-101.98364, 30.98717], [-102.191731, 31.003788], [-102.202032, 31.031026], [-102.292681, 31.036677], [-102.388804, 31.087156], [-102.301212, 31.086212]]]}}, {"type": "Feature", "properties": {"name": "Jack", "geoid": "48237", "statefp": "48"}, "geometry": {"type": "Polygon", "coordinates": [[[-98.420666, 33.396195], [-98.421419, 33.466797], [-97.978919, 33.467129], [-97.978967, 33.433748], [-97.918189, 33.433873], [-97.920371, 33.099328], [-97.921642, 33.001284], [-98.056094, 33.003332], [-98.426553, 33.007913], [-98.420666, 33.396195]]]}}, {"type": "Feature", "properties": {"name": "Kinney", "geoid": "48271", "statefp": "48"}, "geometry": {"type": "Polygon", "coordinates": [[[-100.801867546029, 29.232831568098], [-100.757822, 29.238325], [-100.699141, 29.419747], [-100.699932, 29.623897], [-100.112098, 29.623263], [-100.111406, 29.086318], [-100.671215189194, 29.0835160253445], [-100.674656, 29.099777], [-100.727462, 29.129123], [-100.772649, 29.168492], [-100.795681, 29.22773], [-100.801867546029, 29.232831568098]]]}}, {"type": "Feature", "properties": {"name": "Kleberg", "geoid": "48273", "statefp": "48"}, "geometry": {"type": "Polygon", "coordinates": [[[-98.059464, 27.635862], [-97.942146, 27.635932], [-97.840678, 27.558358], [-97.325216, 27.560896], [-97.2229914075318, 27.5766073164796], [-97.257325, 27.510644], [-97.296057, 27.427175], [-97.336122, 27.317818], [-97.3468508769557, 27.2779588322095], [-97.508863, 27.266636], [-97.785102, 27.283714], [-97.84134, 27.243955], [-97.985887, 27.209308], [-97.986076, 27.260494], [-98.058078, 27.260981], [-98.059464, 27.635862]]]}}, {"type": "Feature", "properties": {"name": "Wheeler", "geoid": "48483", "statefp": "48"}, "geometry": {"type": "Polygon", "coordinates": [[[-100.540158, 35.619296], [-100.000392, 35.619115], [-100.000388844143, 35.4223639883094], [-100.000385, 35.182702], [-100.538978, 35.183144], [-100.540158, 35.619296]]]}}, {"type": "Feature", "properties": {"name": "Hamilton", "geoid": "48193", "statefp": "48"}, "geometry": {"type": "Polygon", "coordinates": [[[-98.463736, 31.683989], [-98.156568, 31.841713], [-98.208386, 31.917511], [-98.005462, 32.017897], [-97.766431, 31.672461], [-98.180006, 31.463717], [-98.27107, 31.416398], [-98.463736, 31.683989]]]}}, {"type": "Feature", "properties": {"name": "Starr", "geoid": "48427", "statefp": "48"}, "geometry": {"type": "Polygon", "coordinates": [[[-99.1768160923811, 26.5696605553736], [-99.011112, 26.675023], [-98.95423, 26.785694], [-98.422616, 26.783535], [-98.32067, 26.783081], [-98.5931641791091, 26.2428750129916], [-98.613465, 26.252028], [-98.654221, 26.23596], [-98.698856, 26.265619], [-98.779912, 26.326542], [-98.807348, 26.369421], [-98.890965, 26.357569], [-98.958325, 26.394056], [-99.032316, 26.412082], [-99.082002, 26.39651], [-99.110855, 26.426278], [-99.091635, 26.476977], [-99.105031, 26.500335], [-99.171404, 26.549848], [-99.1768160923811, 26.5696605553736]]]}}, {"type": "Feature", "properties": {"name": "Uvalde", "geoid": "48463", "statefp": "48"}, "geometry": {"type": "Polygon", "coordinates": [[[-100.112098, 29.623263], [-100.014188, 29.623495], [-99.60313, 29.627181], [-99.411817, 29.627514], [-99.41388, 29.091335], [-100.111406, 29.086318], [-100.112098, 29.623263]]]}}, {"type": "Feature", "properties": {"name": "Milam", "geoid": "48331", "statefp": "48"}, "geometry": {"type": "Polygon", "coordinates": [[[-97.315485, 30.752363], [-97.258959, 30.889579], [-97.070057, 30.986031], [-96.849079, 31.100471], [-96.830497, 31.10522], [-96.767149, 31.042829], [-96.75633, 30.927206], [-96.64128, 30.818051], [-96.61224, 30.75771], [-96.621423, 30.730764], [-96.96363, 30.557198], [-97.155219, 30.457344], [-97.218861, 30.611883], [-97.269949, 30.735362], [-97.315485, 30.752363]]]}}, {"type": "Feature", "properties": {"name": "Kenedy", "geoid": "48261", "statefp": "48"}, "geometry": {"type": "Polygon", "coordinates": [[[-97.985887, 27.209308], [-97.84134, 27.243955], [-97.785102, 27.283714], [-97.508863, 27.266636], [-97.3468508769557, 27.2779588322095], [-97.358469, 27.234796], [-97.378697, 27.060044], [-97.366872, 26.885581], [-97.32275, 26.701746], [-97.2875411166858, 26.6003398814733], [-97.861688, 26.597995], [-97.957405, 26.611769], [-97.985303, 26.615809], [-97.985494, 26.780917], [-97.985887, 27.209308]]]}}, {"type": "Feature", "properties": {"name": "Fisher", "geoid": "48151", "statefp": "48"}, "geometry": {"type": "Polygon", "coordinates": [[[-100.65587, 32.963469], [-100.519208, 32.962926], [-100.144224, 32.959978], [-100.146543, 32.522793], [-100.660626, 32.525312], [-100.65587, 32.963469]]]}}, {"type": "Feature", "properties": {"name": "Jeff Davis", "geoid": "48243", "statefp": "48"}, "geometry": {"type": "Polygon", "coordinates": [[[-104.917163, 30.663626], [-104.102351, 31.105203], [-103.585084, 30.76647], [-103.439976, 30.665939], [-103.80068, 30.412527], [-103.90101, 30.41219], [-104.980753891325, 30.6288120187883], [-104.917163, 30.663626]]]}}, {"type": "Feature", "properties": {"name": "San Patricio", "geoid": "48409", "statefp": "48"}, "geometry": {"type": "Polygon", "coordinates": [[[-97.904081, 28.114228], [-97.817716, 28.176848], [-97.567622, 28.129683], [-97.541071, 28.164669], [-97.482384, 28.168616], [-97.427171, 28.117668], [-97.317163, 28.137189], [-97.260818, 28.075759], [-97.136312, 27.90439], [-97.186987, 27.825489], [-97.165617, 27.838213], [-97.188659, 27.823885], [-97.250796, 27.876718], [-97.359822, 27.852348], [-97.337677, 27.883165], [-97.589473, 27.856101], [-97.691074, 27.917353], [-97.806798, 27.934712], [-97.798517, 27.995659], [-97.801388, 28.03836], [-97.883148, 28.0569], [-97.904081, 28.114228]]]}}, {"type": "Feature", "properties": {"name": "Lamb", "geoid": "48279", "statefp": "48"}, "geometry": {"type": "Polygon", "coordinates": [[[-102.61515, 34.312891], [-102.525631, 34.313034], [-102.090415, 34.313132], [-102.085733, 33.824675], [-102.615447, 33.825121], [-102.61515, 34.312891]]]}}, {"type": "Feature", "properties": {"name": "Hidalgo", "geoid": "48215", "statefp": "48"}, "geometry": {"type": "Polygon", "coordinates": [[[-98.5931641791091, 26.2428750129916], [-98.32067, 26.783081], [-97.985494, 26.780917], [-97.985303, 26.615809], [-97.957405, 26.611769], [-98.004189, 26.448784], [-97.86192, 26.433579], [-97.861875, 26.348156], [-97.8622582970613, 26.0577459501697], [-97.871187, 26.058083], [-97.944345, 26.059621], [-98.010971, 26.063863], [-98.039239, 26.041275], [-98.080115736643, 26.0553958966484], [-98.091038, 26.059169], [-98.149463, 26.055813], [-98.197046, 26.056153], [-98.248806, 26.073101], [-98.302979, 26.11005], [-98.386694, 26.157872], [-98.442536, 26.199151], [-98.503492, 26.214798], [-98.576188, 26.235221], [-98.5931641791091, 26.2428750129916]]]}}, {"type": "Feature", "properties": {"name": "Red River", "geoid": "48387", "statefp": "48"}, "geometry": {"type": "Polygon", "coordinates": [[[-95.3104497954491, 33.8738430381855], [-95.283445, 33.877746], [-95.253623, 33.92971], [-95.226393, 33.961954], [-95.1559076171075, 33.9384823885698], [-95.149462, 33.936336], [-95.095002, 33.904816], [-95.046568, 33.862565], [-94.98165, 33.852284], [-94.93956, 33.810503], [-94.902276, 33.776289], [-94.841634, 33.739431], [-94.766146, 33.748031], [-94.7319329019959, 33.7208305162803], [-94.746096, 33.703016], [-94.74631, 33.554315], [-94.746925, 33.328938], [-94.781693, 33.318905], [-94.808783, 33.363636], [-94.81271, 33.375577], [-95.125451, 33.389454], [-95.156004, 33.380077], [-95.30664, 33.378027], [-95.308637, 33.380662], [-95.310673, 33.663154], [-95.3104497954491, 33.8738430381855]]]}}, {"type": "Feature", "properties": {"name": "Sterling", "geoid": "48431", "statefp": "48"}, "geometry": {"type": "Polygon", "coordinates": [[[-101.267122, 31.650854], [-101.264216, 32.087136], [-101.183997, 32.087208], [-100.821594, 32.08661], [-100.82537, 31.696155], [-100.861099, 31.705418], [-100.865256, 31.562294], [-101.26763, 31.556462], [-101.267122, 31.650854]]]}}, {"type": "Feature", "properties": {"name": "Grimes", "geoid": "48185", "statefp": "48"}, "geometry": {"type": "Polygon", "coordinates": [[[-96.16837, 30.822997], [-95.863059, 30.864125], [-95.834197, 30.658], [-95.83024, 30.630284], [-95.804306, 30.24557], [-96.069319, 30.229964], [-96.093165, 30.225187], [-96.094404, 30.309371], [-96.15463, 30.330288], [-96.147255, 30.38284], [-96.079969, 30.43003], [-96.121806, 30.443426], [-96.187765, 30.598737], [-96.16837, 30.822997]]]}}, {"type": "Feature", "properties": {"name": "Llano", "geoid": "48299", "statefp": "48"}, "geometry": {"type": "Polygon", "coordinates": [[[-98.964612, 30.921368], [-98.445782, 30.921439], [-98.457382, 30.878897], [-98.376877, 30.83489], [-98.432098, 30.78631], [-98.371905, 30.740485], [-98.438995, 30.673285], [-98.411148, 30.574644], [-98.351983, 30.558393], [-98.351041, 30.486096], [-98.411462, 30.502095], [-98.59167, 30.499875], [-98.964232, 30.498482], [-98.964612, 30.921368]]]}}, {"type": "Feature", "properties": {"name": "Henderson", "geoid": "48213", "statefp": "48"}, "geometry": {"type": "Polygon", "coordinates": [[[-96.452372, 32.358659], [-96.196231, 32.354762], [-96.075899, 32.357505], [-95.449165, 32.355233], [-95.488733, 32.232486], [-95.478585, 32.147224], [-95.459908, 32.135559], [-95.428512, 32.084475], [-96.052786, 32.005895], [-96.05478, 32.012526], [-96.105364, 32.075337], [-96.146799, 32.211937], [-96.196965, 32.206942], [-96.38291, 32.328929], [-96.451453, 32.344679], [-96.452372, 32.358659]]]}}, {"type": "Feature", "properties": {"name": "Gonzales", "geoid": "48177", "statefp": "48"}, "geometry": {"type": "Polygon", "coordinates": [[[-97.840383, 29.376791], [-97.633176, 29.649863], [-97.597743, 29.630718], [-97.317893, 29.784658], [-97.133444, 29.645806], [-97.142643, 29.628101], [-97.204087, 29.580613], [-97.240108, 29.384488], [-97.613132, 29.109765], [-97.728443, 29.221748], [-97.858782, 29.35289], [-97.840383, 29.376791]]]}}, {"type": "Feature", "properties": {"name": "San Augustine", "geoid": "48405", "statefp": "48"}, "geometry": {"type": "Polygon", "coordinates": [[[-94.399091, 31.653596], [-94.090717, 31.620609], [-93.984461, 31.569419], [-93.983239, 31.466114], [-94.044154, 31.409979], [-94.039034, 31.134271], [-94.043234, 31.118552], [-94.129632, 31.09928], [-94.218997, 31.173265], [-94.326616, 31.224754], [-94.324461, 31.230165], [-94.339773, 31.24082], [-94.31593, 31.304503], [-94.330364, 31.359946], [-94.300622, 31.526458], [-94.310888, 31.589043], [-94.395278, 31.638636], [-94.399091, 31.653596]]]}}, {"type": "Feature", "properties": {"name": "Zapata", "geoid": "48505", "statefp": "48"}, "geometry": {"type": "Polygon", "coordinates": [[[-99.4608257991343, 27.2622401970428], [-99.370621, 27.319174], [-99.33361, 27.273223], [-98.954669, 27.269397], [-98.95423, 26.785694], [-99.011112, 26.675023], [-99.1768160923811, 26.5696605553736], [-99.200522, 26.656443], [-99.208907, 26.724761], [-99.242444, 26.788262], [-99.268613, 26.843213], [-99.3289, 26.879761], [-99.361144, 26.928921], [-99.387367, 26.982399], [-99.44697, 27.026026], [-99.442123, 27.106839], [-99.429984, 27.159149], [-99.445238, 27.223341], [-99.4608257991343, 27.2622401970428]]]}}, {"type": "Feature", "properties": {"name": "El Paso", "geoid": "48141", "statefp": "48"}, "geometry": {"type": "Polygon", "coordinates": [[[-106.623445, 31.914034], [-106.630114, 31.971258], [-106.618486, 32.000495], [-106.513986060717, 32.0008176642324], [-106.377173188247, 32.0012401010375], [-106.200699, 32.001785], [-105.997971151664, 32.001974590699], [-105.993255, 31.478392], [-105.954328, 31.423468], [-105.996429378287, 31.3878401295126], [-106.004926, 31.392458], [-106.080258, 31.398702], [-106.175675, 31.456279], [-106.236804, 31.513376], [-106.280811, 31.562062], [-106.303536, 31.620413], [-106.33992838068, 31.6697519606808], [-106.370139, 31.71071], [-106.41794, 31.752009], [-106.467642, 31.759608], [-106.484642, 31.747809], [-106.528242, 31.783148], [-106.581344, 31.813906], [-106.63588, 31.871514], [-106.623445, 31.914034]]]}}, {"type": "Feature", "properties": {"name": "Nacogdoches", "geoid": "48347", "statefp": "48"}, "geometry": {"type": "Polygon", "coordinates": [[[-94.937532, 31.845555], [-94.452513, 31.844113], [-94.433945, 31.824547], [-94.399091, 31.653596], [-94.395278, 31.638636], [-94.310888, 31.589043], [-94.300622, 31.526458], [-94.330364, 31.359946], [-94.31593, 31.304503], [-94.339773, 31.24082], [-94.324461, 31.230165], [-94.326616, 31.224754], [-94.396017, 31.302356], [-94.449422, 31.321337], [-94.495874, 31.405728], [-94.53136, 31.39854], [-94.545121, 31.431855], [-94.82287, 31.483978], [-94.865857, 31.526916], [-94.924219, 31.579487], [-94.978128, 31.793294], [-94.937532, 31.845555]]]}}, {"type": "Feature", "properties": {"name": "Limestone", "geoid": "48293", "statefp": "48"}, "geometry": {"type": "Polygon", "coordinates": [[[-96.932215, 31.708887], [-96.719114, 31.814887], [-96.496713, 31.796191], [-96.478349, 31.769537], [-96.236629, 31.413392], [-96.322853, 31.374067], [-96.319165, 31.357129], [-96.596862, 31.2209], [-96.801123, 31.522269], [-96.932215, 31.708887]]]}}, {"type": "Feature", "properties": {"name": "Jefferson", "geoid": "48245", "statefp": "48"}, "geometry": {"type": "Polygon", "coordinates": [[[-94.44491, 30.113015], [-94.292629, 30.117671], [-94.275451, 30.170265], [-94.17644, 30.18794], [-94.115917, 30.160347], [-94.073678, 30.114111], [-94.093978, 30.086265], [-94.031976, 30.028013], [-93.843896, 29.954805], [-93.8523098709223, 29.8720910043919], [-93.872446, 29.85165], [-93.929208, 29.802952], [-93.890821, 29.761673], [-93.863204, 29.724059], [-93.837971, 29.690619], [-93.861291, 29.679007], [-93.961867, 29.682213], [-94.056506, 29.671163], [-94.161549, 29.636588], [-94.3541225449137, 29.5621028201748], [-94.357976, 29.887464], [-94.420877, 29.887113], [-94.442235, 29.889538], [-94.44491, 30.113015]]]}}, {"type": "Feature", "properties": {"name": "Mills", "geoid": "48333", "statefp": "48"}, "geometry": {"type": "Polygon", "coordinates": [[[-98.991608, 31.484071], [-98.779951, 31.610735], [-98.760057, 31.687896], [-98.668441, 31.700514], [-98.492802, 31.723608], [-98.463736, 31.683989], [-98.27107, 31.416398], [-98.281557, 31.401451], [-98.562732, 31.230443], [-98.626926, 31.281182], [-98.587268, 31.325463], [-98.643921, 31.31407], [-98.65456, 31.370022], [-98.713131, 31.34883], [-98.696634, 31.407287], [-98.726094, 31.428278], [-98.76162, 31.375953], [-98.773, 31.410926], [-98.854292, 31.413425], [-98.8725, 31.444299], [-98.933188, 31.436928], [-98.991608, 31.484071]]]}}, {"type": "Feature", "properties": {"name": "Hardin", "geoid": "48199", "statefp": "48"}, "geometry": {"type": "Polygon", "coordinates": [[[-94.732732, 30.490066], [-94.537926, 30.491059], [-94.545717, 30.526977], [-94.071689, 30.526033], [-94.119394, 30.426298], [-94.083386, 30.342181], [-94.117604, 30.241665], [-94.091217, 30.204648], [-94.115917, 30.160347], [-94.17644, 30.18794], [-94.275451, 30.170265], [-94.292629, 30.117671], [-94.44491, 30.113015], [-94.596338, 30.112101], [-94.732732, 30.490066]]]}}, {"type": "Feature", "properties": {"name": "Bowie", "geoid": "48037", "statefp": "48"}, "geometry": {"type": "Polygon", "coordinates": [[[-94.74631, 33.554315], [-94.746096, 33.703016], [-94.7319329019959, 33.7208305162803], [-94.714865, 33.707261], [-94.630586, 33.673401], [-94.572872, 33.669886], [-94.528928, 33.62184], [-94.485875, 33.637867], [-94.419057, 33.577217], [-94.388052, 33.565511], [-94.354165, 33.556452], [-94.338422, 33.567082], [-94.303742, 33.564486], [-94.238868, 33.576722], [-94.213605, 33.570622], [-94.183395, 33.592212], [-94.143024, 33.577725], [-94.07267, 33.572234], [-94.043428, 33.551425], [-94.042988, 33.435824], [-94.043067, 33.330498], [-94.0429458450603, 33.2712410493864], [-94.056144, 33.298036], [-94.218517, 33.296936], [-94.231743, 33.240857], [-94.379409, 33.255651], [-94.415739, 33.284017], [-94.517868, 33.282096], [-94.572463, 33.249826], [-94.65226, 33.268861], [-94.691826, 33.312405], [-94.746925, 33.328938], [-94.74631, 33.554315]]]}}, {"type": "Feature", "properties": {"name": "Montgomery", "geoid": "48339", "statefp": "48"}, "geometry": {"type": "Polygon", "coordinates": [[[-95.83024, 30.630284], [-95.598971, 30.509002], [-95.359156, 30.504369], [-95.308395, 30.40575], [-95.203324, 30.347861], [-95.226571, 30.327145], [-95.165897, 30.344976], [-95.096708, 30.167214], [-95.292997, 30.027905], [-95.424216, 30.115491], [-95.491123, 30.110368], [-95.499839, 30.142475], [-95.54214, 30.170473], [-95.57463, 30.151783], [-95.596757, 30.13446], [-95.623218, 30.135646], [-95.755185, 30.092148], [-95.80333, 30.090096], [-95.804306, 30.24557], [-95.83024, 30.630284]]]}}, {"type": "Feature", "properties": {"name": "Hays", "geoid": "48209", "statefp": "48"}, "geometry": {"type": "Polygon", "coordinates": [[[-98.172977, 30.356312], [-98.010831, 30.240339], [-97.928808, 30.181703], [-97.813942, 30.09915], [-97.813515, 30.098842], [-97.70879, 30.023451], [-97.899196, 29.85748], [-97.875259, 29.858208], [-97.943564, 29.806914], [-97.999271, 29.752444], [-98.01518, 29.801485], [-98.018657, 29.812175], [-98.030523, 29.848539], [-98.2976, 30.037994], [-98.172977, 30.356312]]]}}, {"type": "Feature", "properties": {"name": "Fannin", "geoid": "48147", "statefp": "48"}, "geometry": {"type": "Polygon", "coordinates": [[[-96.384602, 33.397826], [-96.3796608259521, 33.715530908566], [-96.363135, 33.694215], [-96.307389, 33.735005], [-96.277269, 33.769735], [-96.229023, 33.748021], [-96.173025, 33.80056], [-96.15163, 33.831946], [-96.063924, 33.841523], [-95.935325, 33.875099], [-95.887491, 33.863856], [-95.8448785340707, 33.860421904719], [-95.855013, 33.827992], [-95.857738, 33.461722], [-95.858723, 33.40953], [-96.295413, 33.351936], [-96.384495, 33.341119], [-96.384602, 33.397826]]]}}, {"type": "Feature", "properties": {"name": "Throckmorton", "geoid": "48447", "statefp": "48"}, "geometry": {"type": "Polygon", "coordinates": [[[-99.472444, 33.399023], [-98.953938, 33.397534], [-98.950875, 32.956918], [-99.096016, 32.957037], [-99.471258, 32.957025], [-99.472444, 33.399023]]]}}, {"type": "Feature", "properties": {"name": "Travis", "geoid": "48453", "statefp": "48"}, "geometry": {"type": "Polygon", "coordinates": [[[-98.125556, 30.426186], [-98.12342, 30.486482], [-98.049886, 30.624155], [-97.956734, 30.628249], [-97.867866, 30.546499], [-97.846541, 30.47341], [-97.825723, 30.455605], [-97.811863, 30.447018], [-97.799725, 30.447138], [-97.779387, 30.438401], [-97.77634, 30.429768], [-97.753635, 30.433287], [-97.754665, 30.440223], [-97.746686, 30.449404], [-97.733685, 30.449701], [-97.721149, 30.455835], [-97.694592, 30.461501], [-97.68412, 30.47629], [-97.673759, 30.480101], [-97.596162, 30.501481], [-97.369539, 30.419563], [-97.400089, 30.367906], [-97.486329, 30.220528], [-97.491254, 30.21211], [-97.64937, 30.067944], [-97.70879, 30.023451], [-97.813515, 30.098842], [-97.813942, 30.09915], [-97.928808, 30.181703], [-98.010831, 30.240339], [-98.172977, 30.356312], [-98.125556, 30.426186]]]}}, {"type": "Feature", "properties": {"name": "Hale", "geoid": "48189", "statefp": "48"}, "geometry": {"type": "Polygon", "coordinates": [[[-102.090415, 34.313132], [-101.99802, 34.313039], [-101.564856, 34.312493], [-101.56358, 33.830451], [-102.085733, 33.824675], [-102.090415, 34.313132]]]}}, {"type": "Feature", "properties": {"name": "Trinity", "geoid": "48455", "statefp": "48"}, "geometry": {"type": "Polygon", "coordinates": [[[-95.434781, 31.058098], [-94.95811, 31.38693], [-94.860501, 31.234955], [-94.842947, 31.146578], [-94.939127, 31.042048], [-95.20018, 30.824566], [-95.252385, 30.906719], [-95.32748, 30.859547], [-95.396697, 30.857706], [-95.434335, 30.937405], [-95.434781, 31.058098]]]}}, {"type": "Feature", "properties": {"name": "Runnels", "geoid": "48399", "statefp": "48"}, "geometry": {"type": "Polygon", "coordinates": [[[-100.235137, 32.082372], [-100.151911, 32.082638], [-99.713971, 32.082089], [-99.721698, 31.576759], [-100.111234, 31.580267], [-100.233783, 31.582196], [-100.235761, 31.69297], [-100.235137, 32.082372]]]}}, {"type": "Feature", "properties": {"name": "Bell", "geoid": "48027", "statefp": "48"}, "geometry": {"type": "Polygon", "coordinates": [[[-97.9071, 31.069374], [-97.804399, 31.122092], [-97.418606, 31.320202], [-97.343426, 31.244215], [-97.278113, 31.279799], [-97.070057, 30.986031], [-97.258959, 30.889579], [-97.315485, 30.752363], [-97.624051, 30.870004], [-97.72987, 30.887623], [-97.8281, 30.904414], [-97.840365, 30.929318], [-97.911689, 31.035009], [-97.9071, 31.069374]]]}}, {"type": "Feature", "properties": {"name": "Ellis", "geoid": "48139", "statefp": "48"}, "geometry": {"type": "Polygon", "coordinates": [[[-97.087055, 32.549296], [-97.052717, 32.54884], [-97.038685, 32.548666], [-96.529678, 32.54528], [-96.434514, 32.38873], [-96.452372, 32.358659], [-96.451453, 32.344679], [-96.38291, 32.328929], [-96.896209, 32.073977], [-96.940656, 32.052087], [-97.087043, 32.266824], [-97.087055, 32.549296]]]}}, {"type": "Feature", "properties": {"name": "Washington", "geoid": "48477", "statefp": "48"}, "geometry": {"type": "Polygon", "coordinates": [[[-96.734469, 30.241229], [-96.640883, 30.296786], [-96.357407, 30.373318], [-96.299173, 30.379152], [-96.272455, 30.358468], [-96.178661, 30.394718], [-96.15463, 30.330288], [-96.094404, 30.309371], [-96.093165, 30.225187], [-96.15901, 30.206613], [-96.191782, 30.13842], [-96.146052, 30.070224], [-96.159442, 30.053832], [-96.292849, 30.09615], [-96.62198, 30.044283], [-96.647223, 30.145174], [-96.794552, 30.160545], [-96.734469, 30.241229]]]}}, {"type": "Feature", "properties": {"name": "Presidio", "geoid": "48377", "statefp": "48"}, "geometry": {"type": "Polygon", "coordinates": [[[-104.980753891325, 30.6288120187883], [-103.90101, 30.41219], [-103.80068, 30.412527], [-103.792793, 29.500188], [-103.793873010934, 29.2592383933486], [-103.856893, 29.281852], [-103.975235, 29.296017], [-104.055596, 29.33091], [-104.143692, 29.383278], [-104.181273, 29.426265], [-104.229081, 29.48105], [-104.308813, 29.524337], [-104.371175, 29.543063], [-104.452301, 29.60366], [-104.539761, 29.676074], [-104.565688, 29.770462], [-104.619039, 29.844445], [-104.672327, 29.911112], [-104.685479, 29.989943], [-104.703998, 30.02421], [-104.692094, 30.107304], [-104.702788, 30.211736], [-104.740448, 30.259454], [-104.761634, 30.301148], [-104.824314, 30.370466], [-104.859521, 30.390413], [-104.869872, 30.458645], [-104.889376, 30.535144], [-104.924796, 30.604832], [-104.972071, 30.61026], [-104.980753891325, 30.6288120187883]]]}}, {"type": "Feature", "properties": {"name": "Harris", "geoid": "48201", "statefp": "48"}, "geometry": {"type": "Polygon", "coordinates": [[[-95.960615, 30.163628], [-95.80333, 30.090096], [-95.755185, 30.092148], [-95.623218, 30.135646], [-95.596757, 30.13446], [-95.57463, 30.151783], [-95.54214, 30.170473], [-95.499839, 30.142475], [-95.491123, 30.110368], [-95.424216, 30.115491], [-95.292997, 30.027905], [-95.096708, 30.167214], [-95.030936, 29.993699], [-94.985911, 29.973012], [-94.998656, 29.919771], [-94.98146, 29.884276], [-94.908663, 29.82607], [-94.913813, 29.7663], [-95.015039, 29.63195], [-95.018205, 29.554597], [-95.068329, 29.557485], [-95.16161, 29.497297], [-95.216349, 29.555766], [-95.253856, 29.553778], [-95.260292, 29.589883], [-95.297411, 29.596522], [-95.331146, 29.599108], [-95.386044, 29.585556], [-95.424286, 29.580312], [-95.571363, 29.648725], [-95.597057, 29.660601], [-95.623178, 29.674298], [-95.687082, 29.710078], [-95.688349, 29.710862], [-95.730396, 29.734296], [-95.825975, 29.788616], [-95.830196, 29.800418], [-95.960615, 30.163628]]]}}, {"type": "Feature", "properties": {"name": "McCulloch", "geoid": "48307", "statefp": "48"}, "geometry": {"type": "Polygon", "coordinates": [[[-99.603223, 31.087296], [-99.60185, 31.49195], [-99.511477, 31.424401], [-99.402284, 31.446198], [-99.314875, 31.409875], [-99.202768, 31.467234], [-99.098794, 31.44847], [-99.090622, 31.460927], [-99.092317, 30.941002], [-99.484755, 30.940605], [-99.603627, 30.940726], [-99.603223, 31.087296]]]}}, {"type": "Feature", "properties": {"name": "Bosque", "geoid": "48035", "statefp": "48"}, "geometry": {"type": "Polygon", "coordinates": [[[-97.864864, 32.087328], [-97.642178, 32.201296], [-97.615087, 32.203491], [-97.514333, 32.133802], [-97.476086, 32.17346], [-97.485968, 32.017611], [-97.379992, 31.97274], [-97.438765, 31.933506], [-97.382848, 31.870788], [-97.28206, 31.843152], [-97.32653, 31.78836], [-97.277265, 31.745492], [-97.60523, 31.587762], [-97.689834, 31.711019], [-97.766431, 31.672461], [-98.005462, 32.017897], [-97.864864, 32.087328]]]}}, {"type": "Feature", "properties": {"name": "Tarrant", "geoid": "48439", "statefp": "48"}, "geometry": {"type": "Polygon", "coordinates": [[[-97.548201, 32.776114], [-97.544181, 32.994177], [-97.398459, 32.991732], [-97.327762, 32.991418], [-97.299329, 32.991282], [-97.031007, 32.989691], [-97.033862, 32.836508], [-97.034233, 32.816662], [-97.034934, 32.779929], [-97.035171, 32.759693], [-97.035522, 32.739451], [-97.035996, 32.711097], [-97.036295, 32.693227], [-97.038685, 32.548666], [-97.052717, 32.54884], [-97.087055, 32.549296], [-97.17704, 32.550646], [-97.232799, 32.551484], [-97.364575, 32.553417], [-97.550582, 32.555391], [-97.548201, 32.776114]]]}}, {"type": "Feature", "properties": {"name": "Clay", "geoid": "48077", "statefp": "48"}, "geometry": {"type": "Polygon", "coordinates": [[[-98.423533, 34.0819494760059], [-98.414426, 34.085074], [-98.398441, 34.128456], [-98.364023, 34.157109], [-98.31875, 34.146421], [-98.225282, 34.127245], [-98.16912, 34.114171], [-98.1384860257464, 34.1412060197111], [-98.123377, 34.15454], [-98.099328, 34.104295], [-98.099096, 34.048639], [-98.082839, 34.002412], [-98.005667, 33.995964], [-97.947572, 33.991053], [-97.953695, 33.924373], [-97.9519059508552, 33.8912258148573], [-97.977869, 33.888738], [-97.978919, 33.467129], [-98.421419, 33.466797], [-98.423577, 33.836047], [-98.423533, 34.0819494760059]]]}}, {"type": "Feature", "properties": {"name": "Wichita", "geoid": "48485", "statefp": "48"}, "geometry": {"type": "Polygon", "coordinates": [[[-98.9523248875282, 34.2046698986035], [-98.94022, 34.203686], [-98.872229, 34.160446], [-98.80681, 34.155901], [-98.737232, 34.130992], [-98.690072, 34.133155], [-98.648073, 34.164441], [-98.6102002179226, 34.1561768671247], [-98.577136, 34.148962], [-98.5282, 34.094961], [-98.475066, 34.064269], [-98.423533, 34.0819494760059], [-98.423577, 33.836047], [-98.953202, 33.834025], [-98.9523248875282, 34.2046698986035]]]}}, {"type": "Feature", "properties": {"name": "Comal", "geoid": "48091", "statefp": "48"}, "geometry": {"type": "Polygon", "coordinates": [[[-98.646124, 29.745181], [-98.414018, 29.937557], [-98.2976, 30.037994], [-98.030523, 29.848539], [-98.018657, 29.812175], [-98.01518, 29.801485], [-97.999271, 29.752444], [-98.090927, 29.683245], [-98.310928, 29.594473], [-98.313494, 29.602279], [-98.378068, 29.662613], [-98.352589, 29.734365], [-98.443852, 29.71965], [-98.443469, 29.734453], [-98.550489, 29.760713], [-98.646124, 29.745181]]]}}, {"type": "Feature", "properties": {"name": "Hill", "geoid": "48217", "statefp": "48"}, "geometry": {"type": "Polygon", "coordinates": [[[-97.476086, 32.17346], [-97.466106, 32.183889], [-97.270479, 32.226774], [-97.113748, 32.259189], [-97.087043, 32.266824], [-96.940656, 32.052087], [-96.896209, 32.073977], [-96.719114, 31.814887], [-96.932215, 31.708887], [-97.037266, 31.863079], [-97.277265, 31.745492], [-97.32653, 31.78836], [-97.28206, 31.843152], [-97.382848, 31.870788], [-97.438765, 31.933506], [-97.379992, 31.97274], [-97.485968, 32.017611], [-97.476086, 32.17346]]]}}, {"type": "Feature", "properties": {"name": "Glasscock", "geoid": "48173", "statefp": "48"}, "geometry": {"type": "Polygon", "coordinates": [[[-101.776085, 32.086925], [-101.695011, 32.087532], [-101.264216, 32.087136], [-101.267122, 31.650854], [-101.775802, 31.651319], [-101.776085, 32.086925]]]}}, {"type": "Feature", "properties": {"name": "Angelina", "geoid": "48005", "statefp": "48"}, "geometry": {"type": "Polygon", "coordinates": [[[-95.003345, 31.42571], [-94.865857, 31.526916], [-94.82287, 31.483978], [-94.545121, 31.431855], [-94.53136, 31.39854], [-94.495874, 31.405728], [-94.449422, 31.321337], [-94.396017, 31.302356], [-94.326616, 31.224754], [-94.218997, 31.173265], [-94.129632, 31.09928], [-94.457816, 31.033325], [-94.526629, 31.055722], [-94.561943, 31.058952], [-94.573675, 31.068432], [-94.738594, 31.10369], [-94.842947, 31.146578], [-94.860501, 31.234955], [-94.95811, 31.38693], [-94.976718, 31.409145], [-95.003345, 31.42571]]]}}, {"type": "Feature", "properties": {"name": "Grayson", "geoid": "48181", "statefp": "48"}, "geometry": {"type": "Polygon", "coordinates": [[[-96.9446168883705, 33.945013250454], [-96.934343303133, 33.9455889292528], [-96.905253, 33.947219], [-96.897194, 33.902954], [-96.850593, 33.847211], [-96.794276, 33.868886], [-96.776766, 33.841976], [-96.712422, 33.831633], [-96.682103, 33.876645], [-96.659896, 33.916666], [-96.5946743073771, 33.8830186573983], [-96.590112, 33.880665], [-96.592926, 33.830916], [-96.572937, 33.819098], [-96.523863, 33.818114], [-96.502286, 33.77346], [-96.436455, 33.78005], [-96.403507, 33.746289], [-96.3796608259521, 33.715530908566], [-96.384602, 33.397826], [-96.727251, 33.402918], [-96.83411, 33.405498], [-96.85369, 33.413613], [-96.94386, 33.41641], [-96.9446168883705, 33.945013250454]]]}}, {"type": "Feature", "properties": {"name": "Shelby", "geoid": "48419", "statefp": "48"}, "geometry": {"type": "Polygon", "coordinates": [[[-94.511431, 31.973984], [-94.029428406596, 31.979686964168], [-93.977461, 31.926419], [-93.909557, 31.893144], [-93.8782518953866, 31.8442765572456], [-93.85339, 31.805467], [-93.803419, 31.700686], [-93.816838, 31.622509], [-93.834924, 31.586211], [-93.896537, 31.611836], [-93.984461, 31.569419], [-94.090717, 31.620609], [-94.399091, 31.653596], [-94.433945, 31.824547], [-94.452513, 31.844113], [-94.510837, 31.923201], [-94.511431, 31.973984]]]}}, {"type": "Feature", "properties": {"name": "Jasper", "geoid": "48241", "statefp": "48"}, "geometry": {"type": "Polygon", "coordinates": [[[-94.457816, 31.033325], [-94.129632, 31.09928], [-94.043234, 31.118552], [-94.039034, 31.134271], [-93.911126, 31.158071], [-93.865711, 30.947218], [-93.901452, 30.242672], [-94.117604, 30.241665], [-94.083386, 30.342181], [-94.119394, 30.426298], [-94.071689, 30.526033], [-94.094812, 30.575543], [-94.05096, 30.638568], [-94.089369, 30.686978], [-94.125824, 30.684052], [-94.150119, 30.790203], [-94.179343, 30.794974], [-94.200441, 30.929256], [-94.244888, 30.968174], [-94.238424, 31.013705], [-94.353782, 31.039371], [-94.45327, 31.006237], [-94.457816, 31.033325]]]}}, {"type": "Feature", "properties": {"name": "Calhoun", "geoid": "48057", "statefp": "48"}, "geometry": {"type": "Polygon", "coordinates": [[[-96.930367, 28.586728], [-96.853757, 28.635199], [-96.722814, 28.669759], [-96.665707, 28.705705], [-96.659864, 28.701671], [-96.643442, 28.712105], [-96.428394, 28.703523], [-96.39954, 28.730231], [-96.404445, 28.674409], [-96.323522, 28.675597], [-96.322731, 28.642944], [-96.3785331592868, 28.3898650304879], [-96.390376, 28.381815], [-96.442849, 28.317666], [-96.63201, 28.222821], [-96.719627, 28.164594], [-96.792158, 28.110497], [-96.8520706227301, 28.0598208616046], [-96.830928, 28.107894], [-96.790512, 28.319238], [-96.764325, 28.426242], [-96.813494, 28.430261], [-96.890951, 28.507178], [-96.930367, 28.586728]]]}}, {"type": "Feature", "properties": {"name": "Val Verde", "geoid": "48465", "statefp": "48"}, "geometry": {"type": "Polygon", "coordinates": [[[-101.7584, 30.288044], [-100.960643, 30.287776], [-100.700393, 30.288276], [-100.699932, 29.623897], [-100.699141, 29.419747], [-100.757822, 29.238325], [-100.801867546029, 29.232831568098], [-100.848664, 29.271421], [-100.886842, 29.307848], [-100.995607, 29.363403], [-101.060151, 29.458661], [-101.137503, 29.473542], [-101.19272, 29.520285], [-101.254895, 29.520342], [-101.305533, 29.577925], [-101.307332, 29.640716], [-101.367198, 29.664041], [-101.400636, 29.738079], [-101.453499, 29.759671], [-101.503223, 29.764582], [-101.561569, 29.794658], [-101.654578, 29.765163], [-101.714224, 29.76766], [-101.761619209528, 29.7788600967222], [-101.7584, 30.288044]]]}}, {"type": "Feature", "properties": {"name": "Webb", "geoid": "48479", "statefp": "48"}, "geometry": {"type": "Polygon", "coordinates": [[[-100.197510055501, 28.1970007311399], [-100.113719, 28.197819], [-99.394177, 28.204627], [-99.388946, 28.030419], [-98.803325, 28.05748], [-98.798323, 27.354029], [-98.798087, 27.268012], [-98.954669, 27.269397], [-99.33361, 27.273223], [-99.370621, 27.319174], [-99.4608257991343, 27.2622401970428], [-99.463309, 27.268437], [-99.487937, 27.294941], [-99.529654, 27.306051], [-99.487521, 27.412396], [-99.495104, 27.451518], [-99.497519, 27.500496], [-99.52832, 27.498896], [-99.530138, 27.580207], [-99.556812, 27.614336], [-99.624515, 27.634515], [-99.704601, 27.654954], [-99.758534, 27.717071], [-99.801651, 27.741771], [-99.844737, 27.778809], [-99.87784, 27.824376], [-99.904385, 27.875284], [-99.917461, 27.917973], [-99.932161, 27.96771], [-99.984923, 27.990729], [-100.028725, 28.073118], [-100.075474, 28.124882], [-100.174413, 28.179448], [-100.197510055501, 28.1970007311399]]]}}, {"type": "Feature", "properties": {"name": "Nueces", "geoid": "48355", "statefp": "48"}, "geometry": {"type": "Polygon", "coordinates": [[[-97.934274, 27.885202], [-97.798517, 27.995659], [-97.806798, 27.934712], [-97.691074, 27.917353], [-97.589473, 27.856101], [-97.337677, 27.883165], [-97.359822, 27.852348], [-97.250796, 27.876718], [-97.188659, 27.823885], [-97.165617, 27.838213], [-97.186987, 27.825489], [-97.136312, 27.90439], [-97.095713, 27.957835], [-97.0436840836865, 27.8365323534718], [-97.044846, 27.834466], [-97.090735, 27.785888], [-97.140854, 27.716688], [-97.212679, 27.59642], [-97.2229914075318, 27.5766073164796], [-97.325216, 27.560896], [-97.840678, 27.558358], [-97.942146, 27.635932], [-97.934274, 27.885202]]]}}, {"type": "Feature", "properties": {"name": "Haskell", "geoid": "48207", "statefp": "48"}, "geometry": {"type": "Polygon", "coordinates": [[[-99.99098, 33.397404], [-99.472444, 33.399023], [-99.471258, 32.957025], [-99.612001, 32.956962], [-99.988827, 32.960121], [-99.99098, 33.397404]]]}}, {"type": "Feature", "properties": {"name": "Jackson", "geoid": "48239", "statefp": "48"}, "geometry": {"type": "Polygon", "coordinates": [[[-96.938587, 29.063244], [-96.658466, 29.263876], [-96.640315, 29.247804], [-96.309178, 28.963291], [-96.323522, 28.675597], [-96.404445, 28.674409], [-96.39954, 28.730231], [-96.428394, 28.703523], [-96.643442, 28.712105], [-96.711514, 28.851411], [-96.792133, 28.918803], [-96.832103, 29.021299], [-96.938587, 29.063244]]]}}, {"type": "Feature", "properties": {"name": "Newton", "geoid": "48351", "statefp": "48"}, "geometry": {"type": "Polygon", "coordinates": [[[-93.911126, 31.158071], [-93.616168, 31.175252], [-93.6006030873629, 31.1826249552688], [-93.5524973075023, 31.1848200234468], [-93.535097, 31.185614], [-93.540278, 31.128868], [-93.531219, 31.051678], [-93.539526, 31.008498], [-93.549841, 30.967118], [-93.530936, 30.924534], [-93.5545758543455, 30.8774695018611], [-93.558617, 30.869424], [-93.569303, 30.802969], [-93.617688, 30.738479], [-93.629904, 30.67994], [-93.685121, 30.625201], [-93.684329, 30.592586], [-93.729195, 30.544842], [-93.710117, 30.5064], [-93.702665, 30.429947], [-93.7381729998702, 30.4025470540047], [-93.745333, 30.397022], [-93.760328, 30.329924], [-93.70719, 30.275513], [-93.7110621713009, 30.2439707156403], [-93.901452, 30.242672], [-93.865711, 30.947218], [-93.911126, 31.158071]]]}}, {"type": "Feature", "properties": {"name": "Hunt", "geoid": "48231", "statefp": "48"}, "geometry": {"type": "Polygon", "coordinates": [[[-96.297172, 32.897961], [-96.297227, 32.981752], [-96.295413, 33.351936], [-95.858723, 33.40953], [-95.861778, 33.21933], [-95.862521, 32.979571], [-95.9453, 32.979877], [-95.968411, 32.913556], [-95.986709, 32.873407], [-95.934433, 32.837217], [-96.076801, 32.838489], [-96.297322, 32.841723], [-96.297172, 32.897961]]]}}, {"type": "Feature", "properties": {"name": "Burleson", "geoid": "48051", "statefp": "48"}, "geometry": {"type": "Polygon", "coordinates": [[[-96.96363, 30.557198], [-96.621423, 30.730764], [-96.566983, 30.69567], [-96.601831, 30.641926], [-96.510494, 30.627828], [-96.358817, 30.541753], [-96.340875, 30.474543], [-96.272049, 30.416145], [-96.299173, 30.379152], [-96.357407, 30.373318], [-96.640883, 30.296786], [-96.743672, 30.319757], [-96.790114, 30.390697], [-96.96363, 30.557198]]]}}, {"type": "Feature", "properties": {"name": "Erath", "geoid": "48143", "statefp": "48"}, "geometry": {"type": "Polygon", "coordinates": [[[-98.474685, 32.299084], [-98.475177, 32.513039], [-98.068545, 32.511626], [-97.945625, 32.233468], [-97.864864, 32.087328], [-98.005462, 32.017897], [-98.208386, 31.917511], [-98.251211, 31.980127], [-98.327499, 31.941261], [-98.551158, 32.261436], [-98.474685, 32.299084]]]}}, {"type": "Feature", "properties": {"name": "Polk", "geoid": "48373", "statefp": "48"}, "geometry": {"type": "Polygon", "coordinates": [[[-95.20018, 30.824566], [-94.939127, 31.042048], [-94.842947, 31.146578], [-94.738594, 31.10369], [-94.573675, 31.068432], [-94.561943, 31.058952], [-94.657992, 31.012007], [-94.545717, 30.526977], [-94.537926, 30.491059], [-94.732732, 30.490066], [-94.777341, 30.489002], [-94.849414, 30.493553], [-94.829984, 30.541112], [-94.965729, 30.576586], [-95.054602, 30.680173], [-95.135384, 30.693816], [-95.131205, 30.781703], [-95.20018, 30.824566]]]}}, {"type": "Feature", "properties": {"name": "Dawson", "geoid": "48115", "statefp": "48"}, "geometry": {"type": "Polygon", "coordinates": [[[-102.20852, 32.958956], [-102.076214, 32.959702], [-101.691284, 32.961838], [-101.68874, 32.525222], [-102.202703, 32.523271], [-102.20852, 32.958956]]]}}, {"type": "Feature", "properties": {"name": "Brewster", "geoid": "48043", "statefp": "48"}, "geometry": {"type": "Polygon", "coordinates": [[[-103.80068, 30.412527], [-103.439976, 30.665939], [-102.567049, 30.052808], [-102.327002, 29.883305], [-102.318683954588, 29.8721929465015], [-102.349861, 29.862317], [-102.369522, 29.820395], [-102.392906, 29.765569], [-102.468946, 29.779817], [-102.512687, 29.780303], [-102.551081, 29.752358], [-102.612879, 29.748182], [-102.677192, 29.738261], [-102.693466, 29.676507], [-102.738428, 29.621929], [-102.777531, 29.556497], [-102.808692, 29.522319], [-102.83097, 29.444267], [-102.824564, 29.399558], [-102.871857, 29.352093], [-102.891022, 29.287113], [-102.871347, 29.241625], [-102.917805, 29.190697], [-102.995688, 29.161219], [-103.035683, 29.103029], [-103.076355, 29.085722], [-103.100368, 29.026877], [-103.126748, 28.982124], [-103.227801, 28.991532], [-103.28119, 28.982138], [-103.361998, 29.018914], [-103.463196, 29.066822], [-103.524613, 29.120998], [-103.59236, 29.15026], [-103.660203, 29.170934], [-103.724743, 29.19147], [-103.789034, 29.257502], [-103.793873010934, 29.2592383933486], [-103.792793, 29.500188], [-103.80068, 30.412527]]]}}]}